id,station_id,date,temp_out,,,,
161875,33,7/13/2021 10:00,83.3,85.87142857,,,
161876,33,7/13/2021 11:00,85.6,,,,
161877,33,7/13/2021 12:00,88.5,,,,
161878,33,7/13/2021 13:00,90.1,,,,
161879,33,7/13/2021 14:00,90.4,,,,
161880,33,7/13/2021 15:00,91.4,,,,
161881,33,7/13/2021 16:00,90.9,,,,
161882,33,7/13/2021 17:00,89.2,,,,
161883,33,7/13/2021 18:00,87.9,,,,
161884,33,7/13/2021 19:00,84.9,,,,
161885,33,7/13/2021 20:00,82.1,,,,
161886,33,7/13/2021 21:00,80.3,,,,
161887,33,7/13/2021 22:00,79.2,,,,
161888,33,7/13/2021 23:00,78.4,,,,
162096,33,7/14/2021 1:00,77.2,,,,
162097,33,7/14/2021 2:00,76.5,,,,
162098,33,7/14/2021 3:00,75.9,,,,
162099,33,7/14/2021 4:00,75.4,,,,
162100,33,7/14/2021 5:00,75,,,,
162101,33,7/14/2021 6:00,74.7,,,,
162102,33,7/14/2021 7:00,74.8,,,,
162103,33,7/14/2021 8:00,76.4,,,,
162104,33,7/14/2021 9:00,75.8,,,,
162105,33,7/14/2021 10:00,80.8,,,,
162106,33,7/14/2021 11:00,84.2,,,,
162107,33,7/14/2021 12:00,85.6,,,,
162108,33,7/14/2021 13:00,80.4,,,,
162109,33,7/14/2021 14:00,82.3,,,,
162110,33,7/14/2021 15:00,83.1,,,,
162111,33,7/14/2021 16:00,82.4,,,,
162112,33,7/14/2021 17:00,83,,,,
162113,33,7/14/2021 18:00,83.1,,,,
162114,33,7/14/2021 19:00,81.3,,,,
162115,33,7/14/2021 20:00,77.9,,,,
162116,33,7/14/2021 21:00,74.8,,,,
162117,33,7/14/2021 22:00,73.9,,,,
162118,33,7/14/2021 23:00,73.3,,,,
162602,33,7/15/2021 1:00,73.2,,,,
162603,33,7/15/2021 2:00,73,,,,
162604,33,7/15/2021 3:00,72.8,,,,
162605,33,7/15/2021 4:00,72.2,,,,
162606,33,7/15/2021 5:00,72.1,,,,
162607,33,7/15/2021 6:00,71.7,,,,
162608,33,7/15/2021 7:00,72.1,,,,
162609,33,7/15/2021 8:00,75.2,77.3826087,25.211111,32.21883666,7.00772566
162610,33,7/15/2021 9:00,78.2,,,,
162611,33,7/15/2021 10:00,81.2,,,,
162612,33,7/15/2021 11:00,84.6,,,,
162613,33,7/15/2021 12:00,86.7,,,,
162614,33,7/15/2021 13:00,88.1,,,,
162615,33,7/15/2021 14:00,87.2,,,,
162616,33,7/15/2021 15:00,84.9,,,,
162617,33,7/15/2021 16:00,82.3,,,,
162618,33,7/15/2021 17:00,81.3,,,,
162619,33,7/15/2021 18:00,78.7,,,,
162620,33,7/15/2021 19:00,72.9,,,,
162621,33,7/15/2021 20:00,73,,,,
162622,33,7/15/2021 21:00,72.9,,,,
162623,33,7/15/2021 22:00,72.6,,,,
162624,33,7/15/2021 23:00,72.9,,,,
163108,33,7/16/2021 1:00,72.6,,,,
163109,33,7/16/2021 2:00,72,,,,
163110,33,7/16/2021 3:00,72.3,,,,
163111,33,7/16/2021 4:00,72,,,,
163112,33,7/16/2021 5:00,71.6,,,,
163113,33,7/16/2021 6:00,71.3,,,,
163114,33,7/16/2021 7:00,71.6,,,,
163115,33,7/16/2021 8:00,73.2,,,,
163116,33,7/16/2021 9:00,77.5,,,,
163117,33,7/16/2021 10:00,81,,,,
163118,33,7/16/2021 11:00,84.2,,,,
163119,33,7/16/2021 12:00,87,,,,
163120,33,7/16/2021 13:00,88.5,,,,
163121,33,7/16/2021 14:00,89.9,,,,
163122,33,7/16/2021 15:00,90.7,,,,
163123,33,7/16/2021 16:00,90.2,,,,
163124,33,7/16/2021 17:00,87.9,,,,
163125,33,7/16/2021 18:00,87.2,,,,
163126,33,7/16/2021 19:00,84.4,,,,
163127,33,7/16/2021 20:00,81.2,,,,
163128,33,7/16/2021 21:00,79.2,,,,
163129,33,7/16/2021 22:00,78.1,,,,
163130,33,7/16/2021 23:00,77.3,,,,
163593,33,7/17/2021 1:00,76.2,,,,
163594,33,7/17/2021 2:00,75.7,,,,
163595,33,7/17/2021 3:00,75.4,,,,
163596,33,7/17/2021 4:00,74.7,,,,
163597,33,7/17/2021 5:00,74.3,,,,
163598,33,7/17/2021 6:00,74,,,,
163599,33,7/17/2021 7:00,74.3,,,,
163600,33,7/17/2021 8:00,76.4,,,,
163601,33,7/17/2021 9:00,80.9,,,,
163602,33,7/17/2021 10:00,82.8,,,,
163603,33,7/17/2021 11:00,85.8,,,,
163604,33,7/17/2021 12:00,87.1,,,,
163605,33,7/17/2021 13:00,88.8,,,,
163606,33,7/17/2021 14:00,87.7,,,,
163607,33,7/17/2021 15:00,89,,,,
163608,33,7/17/2021 16:00,88.5,,,,
163609,33,7/17/2021 17:00,88.8,,,,
163610,33,7/17/2021 18:00,87.3,,,,
163611,33,7/17/2021 19:00,84.3,,,,
163612,33,7/17/2021 20:00,81.6,,,,
163613,33,7/17/2021 21:00,79.4,,,,
163614,33,7/17/2021 22:00,78.4,,,,
163615,33,7/17/2021 23:00,77.9,,,,
164053,33,7/18/2021 1:00,77,,,,
164054,33,7/18/2021 2:00,76.7,,,,
164055,33,7/18/2021 3:00,76.3,,,,
164056,33,7/18/2021 4:00,76,,,,
164057,33,7/18/2021 5:00,75.5,,,,
164058,33,7/18/2021 6:00,75.2,,,,
164059,33,7/18/2021 7:00,75.3,,,,
164060,33,7/18/2021 8:00,77.5,,,,
164061,33,7/18/2021 9:00,80.4,,,,
164062,33,7/18/2021 10:00,82.3,,,,
164063,33,7/18/2021 11:00,83.6,,,,
164064,33,7/18/2021 12:00,86.8,,,,
164065,33,7/18/2021 13:00,89.9,,,,
164066,33,7/18/2021 14:00,90.8,,,,
164067,33,7/18/2021 15:00,91.3,,,,
164068,33,7/18/2021 16:00,89.9,,,,
164069,33,7/18/2021 17:00,89.6,,,,
164070,33,7/18/2021 18:00,84.3,,,,
164071,33,7/18/2021 19:00,81.8,,,,
164072,33,7/18/2021 20:00,78.9,,,,
164073,33,7/18/2021 21:00,78.5,,,,
164074,33,7/18/2021 22:00,78,,,,
164075,33,7/18/2021 23:00,77.2,,,,
164536,33,7/19/2021 1:00,77.2,,,,
164537,33,7/19/2021 2:00,77,,,,
164538,33,7/19/2021 3:00,76.4,,,,
164539,33,7/19/2021 4:00,76.2,,,,
164540,33,7/19/2021 5:00,76.1,,,,
164541,33,7/19/2021 6:00,76,,,,
164542,33,7/19/2021 7:00,76.2,,,,
164543,33,7/19/2021 8:00,77.1,,,,
164544,33,7/19/2021 9:00,80.2,,,,
164545,33,7/19/2021 10:00,82.8,,,,
164546,33,7/19/2021 11:00,86,,,,
164547,33,7/19/2021 12:00,88.1,,,,
164548,33,7/19/2021 13:00,89.6,,,,
164549,33,7/19/2021 14:00,89.6,,,,
164550,33,7/19/2021 15:00,91,,,,
164551,33,7/19/2021 16:00,87,,,,
164552,33,7/19/2021 17:00,86.1,,,,
164553,33,7/19/2021 18:00,84,,,,
164554,33,7/19/2021 19:00,82.6,,,,
164555,33,7/19/2021 20:00,81.1,,,,
164556,33,7/19/2021 21:00,80.1,,,,
164557,33,7/19/2021 22:00,79,,,,
164558,33,7/19/2021 23:00,78.4,,,,
165012,33,7/20/2021 1:00,78.2,,,,
165013,33,7/20/2021 2:00,77.4,,,,
165014,33,7/20/2021 3:00,77.2,,,,
165015,33,7/20/2021 4:00,76.9,,,,
165016,33,7/20/2021 5:00,76.3,,,,
165017,33,7/20/2021 6:00,76.1,,,,
165018,33,7/20/2021 7:00,76.3,,,,
165019,33,7/20/2021 8:00,77.7,,,,
165020,33,7/20/2021 9:00,80.5,,,,
165021,33,7/20/2021 10:00,83.1,,,,
165022,33,7/20/2021 11:00,86.3,,,,
165023,33,7/20/2021 12:00,88.4,,,,
165024,33,7/20/2021 13:00,90.1,,,,
165025,33,7/20/2021 14:00,91.6,,,,
165026,33,7/20/2021 15:00,92,,,,
165027,33,7/20/2021 16:00,92,,,,
165028,33,7/20/2021 17:00,91.4,,,,
165029,33,7/20/2021 18:00,89,,,,
165030,33,7/20/2021 19:00,86.5,,,,
165031,33,7/20/2021 20:00,84,,,,
165032,33,7/20/2021 21:00,82.1,,,,
165033,33,7/20/2021 22:00,80.7,,,,
165034,33,7/20/2021 23:00,79.2,,,,
165508,33,7/21/2021 1:00,77.1,,,,
165509,33,7/21/2021 2:00,76.1,,,,
165510,33,7/21/2021 3:00,75.4,,,,
165511,33,7/21/2021 4:00,74.7,,,,
165512,33,7/21/2021 5:00,74.3,,,,
165513,33,7/21/2021 6:00,74,,,,
165514,33,7/21/2021 7:00,73.8,,,,
165515,33,7/21/2021 8:00,76.6,,,,
165516,33,7/21/2021 9:00,81.6,,,,
165517,33,7/21/2021 10:00,85.1,,,,
165518,33,7/21/2021 11:00,87.2,,,,
165519,33,7/21/2021 12:00,89.5,,,,
165520,33,7/21/2021 13:00,90.4,,,,
165521,33,7/21/2021 14:00,91.9,,,,
165522,33,7/21/2021 15:00,92.2,,,,
165523,33,7/21/2021 16:00,92.9,,,,
165524,33,7/21/2021 17:00,91.4,,,,
165525,33,7/21/2021 18:00,89.1,,,,
165526,33,7/21/2021 19:00,86.5,,,,
165527,33,7/21/2021 20:00,83.3,,,,
165528,33,7/21/2021 21:00,81.1,,,,
165529,33,7/21/2021 22:00,79.6,,,,
165530,33,7/21/2021 23:00,78.9,,,,
165982,33,7/22/2021 1:00,77.6,,,,
165983,33,7/22/2021 2:00,77.3,,,,
165984,33,7/22/2021 3:00,76.4,,,,
165985,33,7/22/2021 4:00,75.8,,,,
165986,33,7/22/2021 5:00,75.3,,,,
165987,33,7/22/2021 6:00,74.9,,,,
165988,33,7/22/2021 7:00,75.3,,,,
165989,33,7/22/2021 8:00,76.6,,,,
165990,33,7/22/2021 9:00,78.2,,,,
165991,33,7/22/2021 10:00,79.1,,,,
165992,33,7/22/2021 11:00,83.8,,,,
165993,33,7/22/2021 12:00,85.9,,,,
165994,33,7/22/2021 13:00,88.1,,,,
165995,33,7/22/2021 14:00,84.1,,,,
165996,33,7/22/2021 15:00,87.6,,,,
165997,33,7/22/2021 16:00,89.6,,,,
165998,33,7/22/2021 17:00,87.8,,,,
165999,33,7/22/2021 18:00,85,,,,
166000,33,7/22/2021 19:00,81.2,,,,
166001,33,7/22/2021 20:00,79.2,,,,
166002,33,7/22/2021 21:00,79,,,,
166003,33,7/22/2021 22:00,78.4,,,,
166004,33,7/22/2021 23:00,77.7,,,,
166455,33,7/23/2021 1:00,77,,,,
166456,33,7/23/2021 2:00,76.2,,,,
166457,33,7/23/2021 3:00,75.8,,,,
166458,33,7/23/2021 4:00,75.4,,,,
166459,33,7/23/2021 5:00,75.1,,,,
166460,33,7/23/2021 6:00,74.5,,,,
166461,33,7/23/2021 7:00,74.4,,,,
166462,33,7/23/2021 8:00,76.1,,,,
166463,33,7/23/2021 9:00,78.1,,,,
166464,33,7/23/2021 10:00,80.3,,,,
166465,33,7/23/2021 11:00,83.1,,,,
166466,33,7/23/2021 12:00,86.5,,,,
166467,33,7/23/2021 13:00,88.1,,,,
166468,33,7/23/2021 14:00,87,,,,
166469,33,7/23/2021 15:00,87.9,,,,
166470,33,7/23/2021 16:00,87.8,,,,
166471,33,7/23/2021 17:00,87.7,,,,
166472,33,7/23/2021 18:00,84.6,,,,
166473,33,7/23/2021 19:00,82.4,,,,
166474,33,7/23/2021 20:00,80.2,,,,
166475,33,7/23/2021 21:00,79.2,,,,
166476,33,7/23/2021 22:00,79.1,,,,
166477,33,7/23/2021 23:00,78.8,,,,
166930,33,7/24/2021 1:00,77.9,,,,
166931,33,7/24/2021 2:00,77.7,,,,
166932,33,7/24/2021 3:00,77.6,,,,
166933,33,7/24/2021 4:00,77.2,,,,
166934,33,7/24/2021 5:00,77.3,,,,
166935,33,7/24/2021 6:00,76.9,,,,
166936,33,7/24/2021 7:00,76.3,,,,
166937,33,7/24/2021 8:00,77.9,,,,
166938,33,7/24/2021 9:00,80.6,,,,
166939,33,7/24/2021 10:00,84.2,,,,
166940,33,7/24/2021 11:00,86.7,,,,
166941,33,7/24/2021 12:00,89.3,,,,
166942,33,7/24/2021 13:00,90.9,,,,
166943,33,7/24/2021 14:00,91.7,,,,
166944,33,7/24/2021 15:00,81.3,,,,
166945,33,7/24/2021 16:00,89.3,,,,
166946,33,7/24/2021 17:00,89.6,,,,
166947,33,7/24/2021 18:00,86.2,,,,
166948,33,7/24/2021 19:00,84.5,,,,
166949,33,7/24/2021 20:00,82.1,,,,
166950,33,7/24/2021 21:00,80.8,,,,
166951,33,7/24/2021 22:00,79.4,,,,
166952,33,7/24/2021 23:00,78.4,,,,
167400,33,7/25/2021 1:00,77.6,,,,
167401,33,7/25/2021 2:00,77.1,,,,
167402,33,7/25/2021 3:00,77,,,,
167403,33,7/25/2021 4:00,77.2,,,,
167404,33,7/25/2021 5:00,76.3,,,,
167405,33,7/25/2021 6:00,75.2,,,,
167406,33,7/25/2021 7:00,75.4,,,,
167407,33,7/25/2021 8:00,76.9,,,,
167408,33,7/25/2021 9:00,79.8,,,,
167409,33,7/25/2021 10:00,85.5,,,,
167410,33,7/25/2021 11:00,88.3,,,,
167411,33,7/25/2021 12:00,90.4,,,,
167412,33,7/25/2021 13:00,92.6,,,,
167413,33,7/25/2021 14:00,91.7,,,,
167414,33,7/25/2021 15:00,82.5,,,,
167415,33,7/25/2021 16:00,78.3,,,,
167416,33,7/25/2021 17:00,73.6,,,,
167417,33,7/25/2021 18:00,74.2,,,,
167418,33,7/25/2021 19:00,74.6,,,,
167419,33,7/25/2021 20:00,74.2,,,,
167420,33,7/25/2021 21:00,73.1,,,,
167421,33,7/25/2021 22:00,72.6,,,,
167422,33,7/25/2021 23:00,72.9,,,,
167896,33,7/26/2021 1:00,72.4,,,,
167897,33,7/26/2021 2:00,71.8,,,,
167898,33,7/26/2021 3:00,71.9,,,,
167899,33,7/26/2021 4:00,72.8,,,,
167900,33,7/26/2021 5:00,71.5,,,,
167901,33,7/26/2021 6:00,71.7,,,,
167902,33,7/26/2021 7:00,70,,,,
167903,33,7/26/2021 8:00,72.3,,,,
167904,33,7/26/2021 9:00,76.9,,,,
167905,33,7/26/2021 10:00,80.5,,,,
167906,33,7/26/2021 11:00,83.8,,,,
167907,33,7/26/2021 12:00,87,,,,
167908,33,7/26/2021 13:00,88.2,,,,
167909,33,7/26/2021 14:00,91,,,,
167910,33,7/26/2021 15:00,92.4,,,,
167911,33,7/26/2021 16:00,90.6,,,,
167912,33,7/26/2021 17:00,84.7,,,,
167913,33,7/26/2021 18:00,82.8,,,,
167914,33,7/26/2021 19:00,82,,,,
167915,33,7/26/2021 20:00,81.2,,,,
167916,33,7/26/2021 21:00,80.6,,,,
167917,33,7/26/2021 22:00,79.6,,,,
167918,33,7/26/2021 23:00,78.8,,,,
168393,33,7/27/2021 1:00,77.3,,,,
168394,33,7/27/2021 2:00,76.9,,,,
168395,33,7/27/2021 3:00,76.4,,,,
168396,33,7/27/2021 4:00,76,,,,
168397,33,7/27/2021 5:00,76,,,,
168398,33,7/27/2021 6:00,76,,,,
168399,33,7/27/2021 7:00,76,,,,
168400,33,7/27/2021 8:00,77.5,,,,
168401,33,7/27/2021 9:00,80,,,,
168402,33,7/27/2021 10:00,83.5,,,,
168403,33,7/27/2021 11:00,86.8,,,,
168404,33,7/27/2021 12:00,89,,,,
168405,33,7/27/2021 13:00,91.1,,,,
168406,33,7/27/2021 14:00,91.7,,,,
168407,33,7/27/2021 15:00,92.1,,,,
168408,33,7/27/2021 16:00,91.9,,,,
168409,33,7/27/2021 17:00,90.3,,,,
168410,33,7/27/2021 18:00,88.5,,,,
168411,33,7/27/2021 19:00,86,,,,
168412,33,7/27/2021 20:00,83.3,,,,
168413,33,7/27/2021 21:00,80.5,,,,
168414,33,7/27/2021 22:00,79,,,,
168415,33,7/27/2021 23:00,78.2,,,,
168845,33,7/28/2021 1:00,76.9,,,,
168846,33,7/28/2021 2:00,76.1,,,,
168847,33,7/28/2021 3:00,75.7,,,,
168848,33,7/28/2021 4:00,75.5,,,,
168849,33,7/28/2021 5:00,75,,,,
168850,33,7/28/2021 6:00,74.5,,,,
168851,33,7/28/2021 7:00,74.6,,,,
168852,33,7/28/2021 8:00,78.4,,,,
168853,33,7/28/2021 9:00,80.8,,,,
168854,33,7/28/2021 10:00,86,,,,
168855,33,7/28/2021 11:00,87.2,,,,
168856,33,7/28/2021 12:00,84.5,,,,
168857,33,7/28/2021 13:00,87.4,,,,
168858,33,7/28/2021 14:00,78.1,,,,
168859,33,7/28/2021 15:00,82,,,,
168860,33,7/28/2021 16:00,86.7,,,,
168861,33,7/28/2021 17:00,87.5,,,,
168862,33,7/28/2021 18:00,87.2,,,,
168863,33,7/28/2021 19:00,84.1,,,,
168864,33,7/28/2021 20:00,81.3,,,,
168865,33,7/28/2021 21:00,78.5,,,,
168866,33,7/28/2021 22:00,77.1,,,,
168867,33,7/28/2021 23:00,76.3,,,,
169344,33,7/29/2021 1:00,74.8,,,,
169345,33,7/29/2021 2:00,74.4,,,,
169346,33,7/29/2021 3:00,74.2,,,,
169347,33,7/29/2021 4:00,73.9,,,,
169348,33,7/29/2021 5:00,73.7,,,,
169349,33,7/29/2021 6:00,73.5,,,,
169350,33,7/29/2021 7:00,73.2,,,,
169351,33,7/29/2021 8:00,76.2,,,,
169352,33,7/29/2021 9:00,79.6,,,,
169353,33,7/29/2021 10:00,82.5,,,,
169354,33,7/29/2021 11:00,85.2,,,,
169355,33,7/29/2021 12:00,87.1,,,,
169356,33,7/29/2021 13:00,89.1,,,,
169357,33,7/29/2021 14:00,89.8,,,,
169358,33,7/29/2021 15:00,91,,,,
169359,33,7/29/2021 16:00,83.8,,,,
169360,33,7/29/2021 17:00,79.8,,,,
169361,33,7/29/2021 18:00,78,,,,
169362,33,7/29/2021 19:00,78.1,,,,
169363,33,7/29/2021 20:00,77.7,,,,
169364,33,7/29/2021 21:00,77.4,,,,
169365,33,7/29/2021 22:00,77.1,,,,
169366,33,7/29/2021 23:00,76.8,,,,
169795,33,7/30/2021 1:00,76.1,,,,
169796,33,7/30/2021 2:00,75.7,,,,
169797,33,7/30/2021 3:00,75.5,,,,
169798,33,7/30/2021 4:00,75.3,,,,
169799,33,7/30/2021 5:00,74.9,,,,
169800,33,7/30/2021 6:00,74.9,,,,
169801,33,7/30/2021 7:00,74.8,,,,
169802,33,7/30/2021 8:00,76.8,,,,
169803,33,7/30/2021 9:00,80.2,,,,
169804,33,7/30/2021 10:00,84.4,,,,
169805,33,7/30/2021 11:00,86.1,,,,
169806,33,7/30/2021 12:00,88.1,,,,
169807,33,7/30/2021 13:00,89.4,,,,
169808,33,7/30/2021 14:00,90.4,,,,
169809,33,7/30/2021 15:00,88.7,,,,
169810,33,7/30/2021 16:00,90.3,,,,
169811,33,7/30/2021 17:00,89.2,,,,
169812,33,7/30/2021 18:00,86.1,,,,
169813,33,7/30/2021 19:00,83.5,,,,
169814,33,7/30/2021 20:00,81.1,,,,
169815,33,7/30/2021 21:00,80,,,,
169816,33,7/30/2021 22:00,79.5,,,,
169817,33,7/30/2021 23:00,79.2,,,,
170270,33,7/31/2021 1:00,78.1,,,,
170271,33,7/31/2021 2:00,77.6,,,,
170272,33,7/31/2021 3:00,77.5,,,,
170273,33,7/31/2021 4:00,77.2,,,,
170274,33,7/31/2021 5:00,76.7,,,,
170275,33,7/31/2021 6:00,76,,,,
170276,33,7/31/2021 7:00,76,,,,
170277,33,7/31/2021 8:00,77,,,,
170278,33,7/31/2021 9:00,80.8,,,,
170279,33,7/31/2021 10:00,78.3,,,,
170280,33,7/31/2021 11:00,82,,,,
170281,33,7/31/2021 12:00,84,,,,
170282,33,7/31/2021 13:00,81.8,,,,
170283,33,7/31/2021 14:00,87.8,,,,
170284,33,7/31/2021 15:00,90.2,,,,
170285,33,7/31/2021 16:00,89.1,,,,
170286,33,7/31/2021 17:00,86.9,,,,
170287,33,7/31/2021 18:00,84.4,,,,
170288,33,7/31/2021 19:00,82.9,,,,
170289,33,7/31/2021 20:00,81.6,,,,
170290,33,7/31/2021 21:00,80.7,,,,
170291,33,7/31/2021 22:00,79.7,,,,
170292,33,7/31/2021 23:00,79.2,,,,
170788,33,8/1/2021 1:00,78.3,,,,
170789,33,8/1/2021 2:00,77.9,,,,
170790,33,8/1/2021 3:00,77.8,,,,
170791,33,8/1/2021 4:00,76.7,,,,
170792,33,8/1/2021 5:00,76.6,,,,
170793,33,8/1/2021 6:00,76.7,,,,
170794,33,8/1/2021 7:00,76.8,,,,
170795,33,8/1/2021 8:00,78.2,,,,
170796,33,8/1/2021 9:00,81.5,,,,
170797,33,8/1/2021 10:00,84.3,,,,
170798,33,8/1/2021 11:00,87.1,,,,
170799,33,8/1/2021 12:00,89.3,,,,
170800,33,8/1/2021 13:00,90.9,,,,
170801,33,8/1/2021 14:00,92.3,,,,
170802,33,8/1/2021 15:00,92.8,,,,
170803,33,8/1/2021 16:00,91.8,,,,
170804,33,8/1/2021 17:00,90,,,,
170805,33,8/1/2021 18:00,88.4,,,,
170806,33,8/1/2021 19:00,85.8,,,,
170807,33,8/1/2021 20:00,83.2,,,,
170808,33,8/1/2021 21:00,81.4,,,,
170809,33,8/1/2021 22:00,80.1,,,,
170810,33,8/1/2021 23:00,79.6,,,,
171254,33,8/2/2021 1:00,78.2,,,,
171255,33,8/2/2021 2:00,77.5,,,,
171256,33,8/2/2021 3:00,77.2,,,,
171257,33,8/2/2021 4:00,76.7,,,,
171258,33,8/2/2021 5:00,75.9,,,,
171259,33,8/2/2021 6:00,75.3,,,,
171260,33,8/2/2021 7:00,75.3,,,,
171261,33,8/2/2021 8:00,76.9,,,,
171262,33,8/2/2021 9:00,80.5,,,,
171263,33,8/2/2021 10:00,84.3,,,,
171264,33,8/2/2021 11:00,87,,,,
171265,33,8/2/2021 12:00,89,,,,
171266,33,8/2/2021 13:00,90.6,,,,
171267,33,8/2/2021 14:00,90.9,,,,
171268,33,8/2/2021 15:00,91.8,,,,
171269,33,8/2/2021 16:00,91.1,,,,
171270,33,8/2/2021 17:00,90.3,,,,
171271,33,8/2/2021 18:00,87.6,,,,
171272,33,8/2/2021 19:00,85.2,,,,
171273,33,8/2/2021 20:00,82.9,,,,
171274,33,8/2/2021 21:00,81,,,,
171275,33,8/2/2021 22:00,79.3,,,,
171276,33,8/2/2021 23:00,78.3,,,,
171766,33,8/3/2021 1:00,77.3,,,,
171767,33,8/3/2021 2:00,76.7,,,,
171768,33,8/3/2021 3:00,76.4,,,,
171769,33,8/3/2021 4:00,76,,,,
171770,33,8/3/2021 5:00,75.6,,,,
171771,33,8/3/2021 6:00,75.1,,,,
171772,33,8/3/2021 7:00,75.4,,,,
171773,33,8/3/2021 8:00,77.5,,,,
171774,33,8/3/2021 9:00,80.2,,,,
171775,33,8/3/2021 10:00,83.7,,,,
171776,33,8/3/2021 11:00,85.2,,,,
171777,33,8/3/2021 12:00,85.7,,,,
171778,33,8/3/2021 13:00,88.4,,,,
171779,33,8/3/2021 14:00,89.9,,,,
171780,33,8/3/2021 15:00,90.8,,,,
171781,33,8/3/2021 16:00,88.2,,,,
171782,33,8/3/2021 17:00,85.6,,,,
171783,33,8/3/2021 18:00,80.7,,,,
171784,33,8/3/2021 19:00,79.6,,,,
171785,33,8/3/2021 20:00,78.7,,,,
171786,33,8/3/2021 21:00,78.2,,,,
171787,33,8/3/2021 22:00,77.7,,,,
171788,33,8/3/2021 23:00,77.3,,,,
172257,33,8/4/2021 1:00,76.9,,,,
172258,33,8/4/2021 2:00,76.6,,,,
172259,33,8/4/2021 3:00,76.4,,,,
172260,33,8/4/2021 4:00,76.3,,,,
172261,33,8/4/2021 5:00,75.9,,,,
172262,33,8/4/2021 6:00,75.6,,,,
172263,33,8/4/2021 7:00,75.2,,,,
172264,33,8/4/2021 8:00,76.4,,,,
172265,33,8/4/2021 9:00,80,,,,
172266,33,8/4/2021 10:00,84.2,,,,
172267,33,8/4/2021 11:00,86.7,,,,
172268,33,8/4/2021 12:00,88.7,,,,
172269,33,8/4/2021 13:00,90.4,,,,
172270,33,8/4/2021 14:00,91.5,,,,
172271,33,8/4/2021 15:00,92.2,,,,
172272,33,8/4/2021 16:00,91,,,,
172273,33,8/4/2021 17:00,88.7,,,,
172274,33,8/4/2021 18:00,87.9,,,,
172275,33,8/4/2021 19:00,84.1,,,,
172276,33,8/4/2021 20:00,81.5,,,,
172277,33,8/4/2021 21:00,80.4,,,,
172278,33,8/4/2021 22:00,79.6,,,,
172279,33,8/4/2021 23:00,78.8,,,,
172772,33,8/5/2021 1:00,77.6,,,,
172773,33,8/5/2021 2:00,77.3,,,,
172774,33,8/5/2021 3:00,77.1,,,,
172775,33,8/5/2021 4:00,76.9,,,,
172776,33,8/5/2021 5:00,76.8,,,,
172777,33,8/5/2021 6:00,76.3,,,,
172778,33,8/5/2021 7:00,76.1,,,,
172779,33,8/5/2021 8:00,77.3,,,,
172780,33,8/5/2021 9:00,81.6,,,,
172781,33,8/5/2021 10:00,84.7,,,,
172782,33,8/5/2021 11:00,88.3,,,,
172783,33,8/5/2021 12:00,89.8,,,,
172784,33,8/5/2021 13:00,92.5,,,,
172785,33,8/5/2021 14:00,92.8,,,,
172786,33,8/5/2021 15:00,93.3,,,,
172787,33,8/5/2021 16:00,89.6,,,,
172788,33,8/5/2021 17:00,87.3,,,,
172789,33,8/5/2021 18:00,86,,,,
172790,33,8/5/2021 19:00,83.6,,,,
172791,33,8/5/2021 20:00,81.9,,,,
172792,33,8/5/2021 21:00,80.6,,,,
172793,33,8/5/2021 22:00,79.7,,,,
172794,33,8/5/2021 23:00,78.8,,,,
75363,33,8/6/2021 1:00,77.7,,,,
75365,33,8/6/2021 2:00,77.6,,,,
75368,33,8/6/2021 3:00,76.9,,,,
75370,33,8/6/2021 4:00,76.3,,,,
75373,33,8/6/2021 5:00,75.8,,,,
75375,33,8/6/2021 6:00,75.7,,,,
75378,33,8/6/2021 7:00,76,,,,
75380,33,8/6/2021 8:00,78.5,,,,
75382,33,8/6/2021 9:00,82.1,,,,
75384,33,8/6/2021 10:00,85,,,,
75386,33,8/6/2021 11:00,87.6,,,,
75388,33,8/6/2021 12:00,89.4,,,,
75390,33,8/6/2021 13:00,90.9,,,,
75392,33,8/6/2021 14:00,92.4,,,,
75394,33,8/6/2021 15:00,93,,,,
75395,33,8/6/2021 16:00,93.7,,,,
75397,33,8/6/2021 17:00,93.1,,,,
75399,33,8/6/2021 18:00,90.9,,,,
75401,33,8/6/2021 19:00,86.8,,,,
75403,33,8/6/2021 20:00,84.3,,,,
75405,33,8/6/2021 21:00,82.2,,,,
75407,33,8/6/2021 22:00,80.9,,,,
75409,33,8/6/2021 23:00,80,,,,
173734,33,8/7/2021 1:00,78.5,,,,
173735,33,8/7/2021 2:00,77.6,,,,
173736,33,8/7/2021 3:00,77,,,,
173737,33,8/7/2021 4:00,76.7,,,,
173738,33,8/7/2021 5:00,76.2,,,,
173739,33,8/7/2021 6:00,75.8,,,,
173740,33,8/7/2021 7:00,75.6,,,,
173741,33,8/7/2021 8:00,77.8,,,,
173742,33,8/7/2021 9:00,81.9,,,,
173743,33,8/7/2021 10:00,85.1,,,,
173744,33,8/7/2021 11:00,88.3,,,,
173745,33,8/7/2021 12:00,91.1,,,,
173746,33,8/7/2021 13:00,91.6,,,,
173747,33,8/7/2021 14:00,93.4,,,,
173748,33,8/7/2021 15:00,91.6,,,,
173749,33,8/7/2021 16:00,89.7,,,,
173750,33,8/7/2021 17:00,81.9,,,,
173751,33,8/7/2021 18:00,83,,,,
173752,33,8/7/2021 19:00,82.9,,,,
173753,33,8/7/2021 20:00,80.7,,,,
173754,33,8/7/2021 21:00,79.4,,,,
173755,33,8/7/2021 22:00,78.5,,,,
173756,33,8/7/2021 23:00,77.4,,,,
174255,33,8/8/2021 1:00,76.7,,,,
174256,33,8/8/2021 2:00,76,,,,
174257,33,8/8/2021 3:00,75.3,,,,
174258,33,8/8/2021 4:00,74.9,,,,
174259,33,8/8/2021 5:00,74.4,,,,
174260,33,8/8/2021 6:00,73.3,,,,
174261,33,8/8/2021 7:00,73.1,,,,
174262,33,8/8/2021 8:00,77.2,,,,
174263,33,8/8/2021 9:00,82.6,,,,
174264,33,8/8/2021 10:00,85.4,81.09,27.272222,,
174265,33,8/8/2021 11:00,87.4,,,29.94,2.67
174266,33,8/8/2021 12:00,89.7,,,,
174267,33,8/8/2021 13:00,87.1,,,,
174268,33,8/8/2021 14:00,87.7,,,,
174269,33,8/8/2021 15:00,87.6,,,,
174270,33,8/8/2021 16:00,88.5,,,,
174271,33,8/8/2021 17:00,85.1,,,,
174272,33,8/8/2021 18:00,84.9,,,,
174273,33,8/8/2021 19:00,82.3,,,,
174274,33,8/8/2021 20:00,79.8,,,,
174275,33,8/8/2021 21:00,79.2,,,,
174276,33,8/8/2021 22:00,78.8,,,,
174277,33,8/8/2021 23:00,78.1,,,,
174774,33,8/9/2021 1:00,77.3,79.23,,,
174775,33,8/9/2021 2:00,76.7,,,,
174776,33,8/9/2021 3:00,76,,,,
174777,33,8/9/2021 4:00,75.2,,,,
174778,33,8/9/2021 5:00,75,,,,
174779,33,8/9/2021 6:00,74.3,,,,
174780,33,8/9/2021 7:00,74.1,,,,
174781,33,8/9/2021 8:00,74.8,,,,
174782,33,8/9/2021 9:00,76.8,,,,
174783,33,8/9/2021 10:00,80.3,,26.238889,,
174784,33,8/9/2021 11:00,82.5,,,,
174785,33,8/9/2021 12:00,84.9,,,,
174786,33,8/9/2021 13:00,86,,,,
174787,33,8/9/2021 14:00,89.2,,,,
174788,33,8/9/2021 15:00,90.2,,,,
174789,33,8/9/2021 16:00,81.4,,,,
174790,33,8/9/2021 17:00,80.8,,,,
174791,33,8/9/2021 18:00,80.1,,,,
174792,33,8/9/2021 19:00,79.1,,,,
174793,33,8/9/2021 20:00,78.2,,,,
174794,33,8/9/2021 21:00,77.1,,,,
174795,33,8/9/2021 22:00,76.1,,,,
174796,33,8/9/2021 23:00,76.1,,,,
66069,33,8/10/2021 1:00,75.2,,,,
66070,33,8/10/2021 2:00,74.5,,,,
66071,33,8/10/2021 3:00,73.7,,,,
66072,33,8/10/2021 4:00,73.4,,,,
66073,33,8/10/2021 5:00,73.2,,,,
66074,33,8/10/2021 6:00,71.8,,,,
66077,33,8/10/2021 7:00,72.3,,,,
66079,33,8/10/2021 8:00,75.2,,,,
66081,33,8/10/2021 9:00,81.4,,,,
66084,33,8/10/2021 10:00,85,,,,
66087,33,8/10/2021 11:00,87.1,,,,
66089,33,8/10/2021 12:00,86.9,,,,
66091,33,8/10/2021 13:00,82.2,,,,
66094,33,8/10/2021 14:00,84.9,,,,
66096,33,8/10/2021 15:00,79.6,,,,
66099,33,8/10/2021 16:00,77.6,,,,
66101,33,8/10/2021 17:00,81.2,,,,
66104,33,8/10/2021 18:00,78.7,,,,
66106,33,8/10/2021 19:00,79.5,,,,
66109,33,8/10/2021 20:00,77.1,,,,
66111,33,8/10/2021 21:00,76.6,,,,
66113,33,8/10/2021 22:00,75.9,,,,
66114,33,8/10/2021 23:00,75,,,,
53053,33,8/11/2021 1:00,74.8,,,,
53056,33,8/11/2021 2:00,74.4,,,,
53059,33,8/11/2021 3:00,74.4,,,,
53061,33,8/11/2021 4:00,74,,,,
53064,33,8/11/2021 5:00,73.4,,,,
53067,33,8/11/2021 6:00,73.1,,,,
53070,33,8/11/2021 7:00,72.4,,,,
53072,33,8/11/2021 8:00,72.9,,,,
53075,33,8/11/2021 9:00,73.7,,,,
53078,33,8/11/2021 10:00,74.7,,,,
53080,33,8/11/2021 11:00,76.4,,,,
53083,33,8/11/2021 12:00,77.4,,,,
53086,33,8/11/2021 13:00,81.5,,,,
53088,33,8/11/2021 14:00,81.6,,,,
53089,33,8/11/2021 15:00,80,,,,
53090,33,8/11/2021 16:00,76.6,,,,
53091,33,8/11/2021 17:00,73.9,,,,
53092,33,8/11/2021 18:00,73,,,,
53093,33,8/11/2021 19:00,72.2,,,,
53094,33,8/11/2021 20:00,71.7,,,,
53095,33,8/11/2021 21:00,71.4,,,,
53096,33,8/11/2021 22:00,71,,,,
53097,33,8/11/2021 23:00,70.8,,,,
176219,33,8/12/2021 1:00,71.5,,,,
176220,33,8/12/2021 2:00,72.4,,,,
176221,33,8/12/2021 3:00,73,,,,
176222,33,8/12/2021 4:00,73.2,,,,
176223,33,8/12/2021 5:00,73.2,,,,
176224,33,8/12/2021 6:00,73.6,,,,
176225,33,8/12/2021 7:00,73.5,,,,
176226,33,8/12/2021 8:00,73.8,,,,
176227,33,8/12/2021 9:00,75.2,,,,
176228,33,8/12/2021 10:00,75.9,,,,
176229,33,8/12/2021 11:00,78.2,,,,
176230,33,8/12/2021 12:00,82.2,,,,
176231,33,8/12/2021 13:00,82.7,,,,
176232,33,8/12/2021 14:00,80.2,,,,
176233,33,8/12/2021 15:00,80.7,,,,
176234,33,8/12/2021 16:00,81.6,,,,
176235,33,8/12/2021 17:00,80.5,,,,
176236,33,8/12/2021 18:00,80,,,,
176237,33,8/12/2021 19:00,78.6,,,,
176238,33,8/12/2021 20:00,77.4,,,,
176239,33,8/12/2021 21:00,76.8,,,,
176240,33,8/12/2021 22:00,76.4,,,,
176241,33,8/12/2021 23:00,75.8,,,,
176700,33,8/13/2021 1:00,75.5,,,,
176701,33,8/13/2021 2:00,75.1,,,,
176702,33,8/13/2021 3:00,74.7,,,,
176703,33,8/13/2021 4:00,74.7,,,,
176704,33,8/13/2021 5:00,74.6,,,,
176705,33,8/13/2021 6:00,74.4,,,,
176706,33,8/13/2021 7:00,74.4,,,,
176707,33,8/13/2021 8:00,76.3,,,,
176708,33,8/13/2021 9:00,79.6,,,,
176709,33,8/13/2021 10:00,82.7,,,,
176710,33,8/13/2021 11:00,85.5,,,,
176711,33,8/13/2021 12:00,87.8,,,,
176712,33,8/13/2021 13:00,88.7,,,,
176713,33,8/13/2021 14:00,89.5,,,,
176714,33,8/13/2021 15:00,90.1,,,,
176715,33,8/13/2021 16:00,89.8,,,,
176716,33,8/13/2021 17:00,89.1,,,,
176717,33,8/13/2021 18:00,88.2,,,,
176718,33,8/13/2021 19:00,85,,,,
176719,33,8/13/2021 20:00,82.1,,,,
176720,33,8/13/2021 21:00,80.1,,,,
176721,33,8/13/2021 22:00,78.8,,,,
176722,33,8/13/2021 23:00,77.6,,,,
177198,33,8/14/2021 1:00,75.9,,,,
177199,33,8/14/2021 2:00,75.8,,,,
177200,33,8/14/2021 3:00,76,,,,
177201,33,8/14/2021 4:00,74.9,,,,
177202,33,8/14/2021 5:00,74,,,,
177203,33,8/14/2021 6:00,73.9,,,,
177204,33,8/14/2021 7:00,74.1,,,,
177205,33,8/14/2021 8:00,75.1,,,,
177206,33,8/14/2021 9:00,78.1,,,,
177207,33,8/14/2021 10:00,83,,,,
177208,33,8/14/2021 11:00,85.4,,,,
177209,33,8/14/2021 12:00,87.9,,,,
177210,33,8/14/2021 13:00,89.5,,,,
177211,33,8/14/2021 14:00,90.9,,,,
177212,33,8/14/2021 15:00,91.5,,,,
177213,33,8/14/2021 16:00,92,,,,
177214,33,8/14/2021 17:00,91.1,,,,
177215,33,8/14/2021 18:00,86.9,,,,
177216,33,8/14/2021 19:00,83.4,,,,
177217,33,8/14/2021 20:00,81.3,,,,
177218,33,8/14/2021 21:00,79.9,,,,
177219,33,8/14/2021 22:00,79.9,,,,
177220,33,8/14/2021 23:00,79.4,,,,
177675,33,8/15/2021 1:00,78.2,,,,
177676,33,8/15/2021 2:00,77.5,,,,
177677,33,8/15/2021 3:00,77.3,,,,
177678,33,8/15/2021 4:00,77.3,,,,
177679,33,8/15/2021 5:00,77.2,,,,
177680,33,8/15/2021 6:00,76.8,,,,
177681,33,8/15/2021 7:00,76.5,,,,
177682,33,8/15/2021 8:00,78.3,,,,
177683,33,8/15/2021 9:00,82.3,,,,
177684,33,8/15/2021 10:00,85.4,,,,
177685,33,8/15/2021 11:00,88.1,,,,
177686,33,8/15/2021 12:00,90.7,,,,
177687,33,8/15/2021 13:00,91,,,,
177688,33,8/15/2021 14:00,92.2,,,,
177689,33,8/15/2021 15:00,92.5,,,,
177690,33,8/15/2021 16:00,93.1,,,,
177691,33,8/15/2021 17:00,80.7,,,,
177692,33,8/15/2021 18:00,84.9,,,,
177693,33,8/15/2021 19:00,83.1,,,,
177694,33,8/15/2021 20:00,80.6,,,,
177695,33,8/15/2021 21:00,79.3,,,,
177696,33,8/15/2021 22:00,78.4,,,,
177697,33,8/15/2021 23:00,77.6,,,,
178153,33,8/16/2021 1:00,76.9,,,,
178154,33,8/16/2021 2:00,76.5,,,,
178155,33,8/16/2021 3:00,76.3,,,,
178156,33,8/16/2021 4:00,76,,,,
178157,33,8/16/2021 5:00,76.2,,,,
178158,33,8/16/2021 6:00,75.8,,,,
178159,33,8/16/2021 7:00,75.6,,,,
178160,33,8/16/2021 8:00,76.9,,,,
178161,33,8/16/2021 9:00,78,,,,
178162,33,8/16/2021 10:00,78.4,,,,
178163,33,8/16/2021 11:00,78.7,,,,
178164,33,8/16/2021 12:00,80.9,,,,
178165,33,8/16/2021 13:00,79.4,,,,
178166,33,8/16/2021 14:00,78.7,,,,
178167,33,8/16/2021 15:00,77.2,,,,
178168,33,8/16/2021 16:00,76.2,,,,
178169,33,8/16/2021 17:00,76.3,,,,
178170,33,8/16/2021 18:00,76.6,,,,
178171,33,8/16/2021 19:00,75.6,,,,
178172,33,8/16/2021 20:00,75.5,,,,
178173,33,8/16/2021 21:00,75.3,,,,
178174,33,8/16/2021 22:00,75.3,,,,
178175,33,8/16/2021 23:00,75.1,,,,
178655,33,8/17/2021 1:00,74.4,,,,
178656,33,8/17/2021 2:00,74.1,,,,
178657,33,8/17/2021 3:00,73.6,,,,
178658,33,8/17/2021 4:00,73.1,,,,
178659,33,8/17/2021 5:00,72.9,,,,
178660,33,8/17/2021 6:00,73.2,,,,
178661,33,8/17/2021 7:00,73.3,,,,
178662,33,8/17/2021 8:00,76.1,,,,
178663,33,8/17/2021 9:00,78.7,,,,
178664,33,8/17/2021 10:00,81.9,,,,
178665,33,8/17/2021 11:00,82.1,,,,
178666,33,8/17/2021 12:00,84.5,,,,
178667,33,8/17/2021 13:00,87.3,,,,
178668,33,8/17/2021 14:00,89.1,,,,
178669,33,8/17/2021 15:00,90,,,,
178670,33,8/17/2021 16:00,88,,,,
178671,33,8/17/2021 17:00,87.3,,,,
178672,33,8/17/2021 18:00,79.3,,,,
178673,33,8/17/2021 19:00,78.1,,,,
178674,33,8/17/2021 20:00,76.5,,,,
178675,33,8/17/2021 21:00,76.3,,,,
178676,33,8/17/2021 22:00,75.4,,,,
178677,33,8/17/2021 23:00,74.9,,,,
179184,33,8/18/2021 1:00,74.4,,,,
179185,33,8/18/2021 2:00,74.6,,,,
179186,33,8/18/2021 3:00,74.2,,,,
179187,33,8/18/2021 4:00,73.9,,,,
179188,33,8/18/2021 5:00,73.6,,,,
179189,33,8/18/2021 6:00,73,,,,
179190,33,8/18/2021 7:00,72.7,,,,
179191,33,8/18/2021 8:00,75.6,,,,
179192,33,8/18/2021 9:00,80.8,,,,
179193,33,8/18/2021 10:00,84.1,,,,
179194,33,8/18/2021 11:00,86.1,,,,
179195,33,8/18/2021 12:00,87.5,,,,
179196,33,8/18/2021 13:00,88.9,,,,
179197,33,8/18/2021 14:00,90.2,,,,
179198,33,8/18/2021 15:00,90.9,,,,
179199,33,8/18/2021 16:00,90.6,,,,
179200,33,8/18/2021 17:00,90.6,,,,
179201,33,8/18/2021 18:00,89.1,,,,
179202,33,8/18/2021 19:00,85.1,,,,
179203,33,8/18/2021 20:00,82.6,,,,
179204,33,8/18/2021 21:00,80.8,,,,
179205,33,8/18/2021 22:00,79.4,,,,
179206,33,8/18/2021 23:00,78.7,,,,
179687,33,8/19/2021 1:00,77.6,,,,
179688,33,8/19/2021 2:00,77,,,,
179689,33,8/19/2021 3:00,76.3,,,,
179690,33,8/19/2021 4:00,75.9,,,,
179691,33,8/19/2021 5:00,75.5,,,,
179692,33,8/19/2021 6:00,75.1,,,,
179693,33,8/19/2021 7:00,75,,,,
179694,33,8/19/2021 8:00,76.8,,,,
179695,33,8/19/2021 9:00,80.1,,,,
179696,33,8/19/2021 10:00,82.6,,,,
179697,33,8/19/2021 11:00,85.6,,,,
179698,33,8/19/2021 12:00,86.3,,,,
179699,33,8/19/2021 13:00,87.2,,,,
179700,33,8/19/2021 14:00,88.7,,,,
179701,33,8/19/2021 15:00,88.9,,,,
179702,33,8/19/2021 16:00,88.2,,,,
179703,33,8/19/2021 17:00,88.1,,,,
179704,33,8/19/2021 18:00,86.5,,,,
179705,33,8/19/2021 19:00,84.5,,,,
179706,33,8/19/2021 20:00,82.2,,,,
179707,33,8/19/2021 21:00,80.3,,,,
179708,33,8/19/2021 22:00,78.7,,,,
179709,33,8/19/2021 23:00,78.1,,,,
180170,33,8/20/2021 1:00,76.8,,,,
180171,33,8/20/2021 2:00,75.8,,,,
180172,33,8/20/2021 3:00,75.5,,,,
180173,33,8/20/2021 4:00,74.9,,,,
180174,33,8/20/2021 5:00,74.3,,,,
180175,33,8/20/2021 6:00,74.7,,,,
180176,33,8/20/2021 7:00,75.2,,,,
180177,33,8/20/2021 8:00,77.2,,,,
180178,33,8/20/2021 9:00,82,,,,
180179,33,8/20/2021 10:00,84.4,,,,
180180,33,8/20/2021 11:00,86.8,,,,
180181,33,8/20/2021 12:00,83.2,,,,
180182,33,8/20/2021 13:00,81.4,,,,
180183,33,8/20/2021 14:00,83.1,,,,
180184,33,8/20/2021 15:00,86,,,,
180185,33,8/20/2021 16:00,86.8,,,,
180186,33,8/20/2021 17:00,85.6,,,,
180187,33,8/20/2021 18:00,79.2,,,,
180188,33,8/20/2021 19:00,77.6,,,,
180189,33,8/20/2021 20:00,76.6,,,,
180190,33,8/20/2021 21:00,76.3,,,,
180191,33,8/20/2021 22:00,76.1,,,,
180192,33,8/20/2021 23:00,75.8,,,,
180699,33,8/21/2021 1:00,75.5,,,,
180700,33,8/21/2021 2:00,75.1,,,,
180701,33,8/21/2021 3:00,74.8,,,,
180702,33,8/21/2021 4:00,74.4,,,,
180703,33,8/21/2021 5:00,74.1,,,,
180704,33,8/21/2021 6:00,74,,,,
180705,33,8/21/2021 7:00,74.3,,,,
180706,33,8/21/2021 8:00,76.1,,,,
180707,33,8/21/2021 9:00,79.9,,,,
180708,33,8/21/2021 10:00,82.5,,,,
180709,33,8/21/2021 11:00,85.2,,,,
180710,33,8/21/2021 12:00,87.3,,,,
180711,33,8/21/2021 13:00,89.1,,,,
180712,33,8/21/2021 14:00,90.1,,,,
180713,33,8/21/2021 15:00,90.8,,,,
180714,33,8/21/2021 16:00,90.5,,,,
180715,33,8/21/2021 17:00,89.4,,,,
180716,33,8/21/2021 18:00,88.2,,,,
180717,33,8/21/2021 19:00,85,,,,
180718,33,8/21/2021 20:00,83.3,,,,
180719,33,8/21/2021 21:00,81.8,,,,
180720,33,8/21/2021 22:00,80.7,,,,
180721,33,8/21/2021 23:00,79.9,,,,
181182,33,8/22/2021 1:00,78.6,,,,
181183,33,8/22/2021 2:00,78.3,,,,
181184,33,8/22/2021 3:00,77.7,,,,
181185,33,8/22/2021 4:00,77.4,,,,
181186,33,8/22/2021 5:00,77.2,,,,
181187,33,8/22/2021 6:00,77,,,,
181188,33,8/22/2021 7:00,77.1,,,,
181189,33,8/22/2021 8:00,78.7,,,,
181190,33,8/22/2021 9:00,81.7,,,,
181191,33,8/22/2021 10:00,84.2,,,,
181192,33,8/22/2021 11:00,86.4,,,,
181193,33,8/22/2021 12:00,88.6,82.7173913,28.1761111,30.81893897,2.64282787
181194,33,8/22/2021 13:00,89.4,,,,
181195,33,8/22/2021 14:00,88.4,,,,
181196,33,8/22/2021 15:00,90.3,,,,
181197,33,8/22/2021 16:00,90,,,,
181198,33,8/22/2021 17:00,89,,,,
181199,33,8/22/2021 18:00,86.5,,,,
181200,33,8/22/2021 19:00,84.2,,,,
181201,33,8/22/2021 20:00,82.2,,,,
181202,33,8/22/2021 21:00,80.8,,,,
181203,33,8/22/2021 22:00,79.8,,,,
181204,33,8/22/2021 23:00,79,,,,
181708,33,8/23/2021 1:00,78,,,,
181709,33,8/23/2021 2:00,78,,,,
181710,33,8/23/2021 3:00,77.4,,,,
181711,33,8/23/2021 4:00,76.8,,,,
181712,33,8/23/2021 5:00,76.4,,,,
181713,33,8/23/2021 6:00,75.8,,,,
181714,33,8/23/2021 7:00,75.6,,,,
181715,33,8/23/2021 8:00,76.9,,,,
181716,33,8/23/2021 9:00,81.6,,,,
181717,33,8/23/2021 10:00,84.3,,,,
181718,33,8/23/2021 11:00,85.9,,,,
181719,33,8/23/2021 12:00,86.5,,,,
181720,33,8/23/2021 13:00,89.2,,,,
181721,33,8/23/2021 14:00,89.7,,,,
181722,33,8/23/2021 15:00,90.5,,,,
181723,33,8/23/2021 16:00,90.1,,,,
181724,33,8/23/2021 17:00,89.3,,,,
181725,33,8/23/2021 18:00,87,,,,
181726,33,8/23/2021 19:00,84.2,,,,
181727,33,8/23/2021 20:00,82,,,,
181728,33,8/23/2021 21:00,80.6,,,,
181729,33,8/23/2021 22:00,79.4,,,,
181730,33,8/23/2021 23:00,78.4,,,,
182187,33,8/24/2021 1:00,77.3,,,,
182188,33,8/24/2021 2:00,77.2,,,,
182189,33,8/24/2021 3:00,77.1,,,,
182190,33,8/24/2021 4:00,76.4,,,,
182191,33,8/24/2021 5:00,75.5,,,,
182192,33,8/24/2021 6:00,74.4,,,,
182193,33,8/24/2021 7:00,73.7,,,,
182194,33,8/24/2021 8:00,76.5,,,,
182195,33,8/24/2021 9:00,81.4,,,,
182196,33,8/24/2021 10:00,84.8,,,,
182197,33,8/24/2021 11:00,79.2,,,,
182198,33,8/24/2021 12:00,85,,,,
182199,33,8/24/2021 13:00,85,,,,
182200,33,8/24/2021 14:00,87.9,,,,
182201,33,8/24/2021 15:00,90.5,,,,
182202,33,8/24/2021 16:00,90.8,,,,
182203,33,8/24/2021 17:00,90.9,,,,
182204,33,8/24/2021 18:00,88.5,,,,
182205,33,8/24/2021 19:00,85.6,,,,
182206,33,8/24/2021 20:00,83.3,,,,
182207,33,8/24/2021 21:00,81,,,,
182208,33,8/24/2021 22:00,79.3,,,,
182209,33,8/24/2021 23:00,78.8,,,,
73190,33,8/25/2021 1:00,77.3,,,,
73192,33,8/25/2021 2:00,76.7,,,,
73194,33,8/25/2021 3:00,76.2,,,,
73196,33,8/25/2021 4:00,75.8,,,,
73198,33,8/25/2021 5:00,75.4,,,,
73201,33,8/25/2021 6:00,75.1,,,,
73203,33,8/25/2021 7:00,75.1,,,,
73206,33,8/25/2021 8:00,77.6,,,,
73208,33,8/25/2021 9:00,79.3,,,,
73211,33,8/25/2021 10:00,81.8,,,,
73214,33,8/25/2021 11:00,84,,,,
73217,33,8/25/2021 12:00,87,,,,
73220,33,8/25/2021 13:00,88.9,,,,
73223,33,8/25/2021 14:00,90.1,,,,
73226,33,8/25/2021 15:00,89.4,,,,
73229,33,8/25/2021 16:00,91.4,,,,
73232,33,8/25/2021 17:00,89.6,,,,
73235,33,8/25/2021 18:00,87.7,,,,
73238,33,8/25/2021 19:00,85.7,,,,
73241,33,8/25/2021 20:00,84,,,,
73244,33,8/25/2021 21:00,82.1,,,,
73247,33,8/25/2021 22:00,80.6,,,,
73249,33,8/25/2021 23:00,79.8,,,,
183169,33,8/26/2021 1:00,78,,,,
183170,33,8/26/2021 2:00,77.4,,,,
183171,33,8/26/2021 3:00,77,,,,
183172,33,8/26/2021 4:00,76.7,,,,
183173,33,8/26/2021 5:00,76.6,,,,
183174,33,8/26/2021 6:00,76.2,,,,
183175,33,8/26/2021 7:00,75.9,,,,
183176,33,8/26/2021 8:00,76.8,,,,
183177,33,8/26/2021 9:00,81,,,,
183178,33,8/26/2021 10:00,83.8,,,,
183179,33,8/26/2021 11:00,87.1,,,,
183180,33,8/26/2021 12:00,88.9,,,,
183181,33,8/26/2021 13:00,89.8,,,,
183182,33,8/26/2021 14:00,91.7,,,,
183183,33,8/26/2021 15:00,92.3,,,,
183184,33,8/26/2021 16:00,92.1,,,,
183185,33,8/26/2021 17:00,91.4,,,,
183186,33,8/26/2021 18:00,89.4,,,,
183187,33,8/26/2021 19:00,86.5,,,,
183188,33,8/26/2021 20:00,83.2,,,,
183189,33,8/26/2021 21:00,81.1,,,,
183190,33,8/26/2021 22:00,79.6,,,,
183191,33,8/26/2021 23:00,78.5,,,,
183670,33,8/27/2021 1:00,76.9,,,,
183671,33,8/27/2021 2:00,76.2,,,,
183672,33,8/27/2021 3:00,75.9,,,,
183673,33,8/27/2021 4:00,75.7,,,,
183674,33,8/27/2021 5:00,76,,,,
183675,33,8/27/2021 6:00,75.8,,,,
183676,33,8/27/2021 7:00,75.2,,,,
183677,33,8/27/2021 8:00,76.2,,,,
183678,33,8/27/2021 9:00,78.3,,,,
183679,33,8/27/2021 10:00,83.7,,,,
183680,33,8/27/2021 11:00,86.9,,,,
183681,33,8/27/2021 12:00,88.5,,,,
183682,33,8/27/2021 13:00,90.2,,,,
183683,33,8/27/2021 14:00,92,,,,
183684,33,8/27/2021 15:00,92.8,,,,
183685,33,8/27/2021 16:00,92.4,,,,
183686,33,8/27/2021 17:00,91.5,,,,
183687,33,8/27/2021 18:00,89.7,,,,
183688,33,8/27/2021 19:00,86.2,,,,
183689,33,8/27/2021 20:00,83.4,,,,
183690,33,8/27/2021 21:00,81.5,,,,
183691,33,8/27/2021 22:00,80.3,,,,
183692,33,8/27/2021 23:00,79.8,,,,
184192,33,8/28/2021 1:00,79,,,,
184193,33,8/28/2021 2:00,78.6,,,,
184194,33,8/28/2021 3:00,78.2,,,,
184195,33,8/28/2021 4:00,78.1,,,,
184196,33,8/28/2021 5:00,76.9,,,,
184197,33,8/28/2021 6:00,76.1,,,,
184198,33,8/28/2021 7:00,75.9,,,,
184199,33,8/28/2021 8:00,77.7,,,,
184200,33,8/28/2021 9:00,81.1,,,,
184201,33,8/28/2021 10:00,84.6,,,,
184202,33,8/28/2021 11:00,87.5,,,,
184203,33,8/28/2021 12:00,89.8,,,,
184204,33,8/28/2021 13:00,91,,,,
184205,33,8/28/2021 14:00,92.2,,,,
184206,33,8/28/2021 15:00,93.2,,,,
184207,33,8/28/2021 16:00,93.1,,,,
184208,33,8/28/2021 17:00,91.9,,,,
184209,33,8/28/2021 18:00,89.9,,,,
184210,33,8/28/2021 19:00,86.6,,,,
184211,33,8/28/2021 20:00,84.2,,,,
184212,33,8/28/2021 21:00,82.3,,,,
184213,33,8/28/2021 22:00,81.1,,,,
184214,33,8/28/2021 23:00,80.5,,,,
184716,33,8/29/2021 1:00,79.3,,,,
184717,33,8/29/2021 2:00,78.8,,,,
184718,33,8/29/2021 3:00,78.2,,,,
184719,33,8/29/2021 4:00,77.7,,,,
184720,33,8/29/2021 5:00,77.4,,,,
184721,33,8/29/2021 6:00,77,,,,
184722,33,8/29/2021 7:00,76.9,,,,
184723,33,8/29/2021 8:00,77.9,,,,
184724,33,8/29/2021 9:00,81.1,,,,
184725,33,8/29/2021 10:00,84.3,,,,
184726,33,8/29/2021 11:00,87.1,,,,
184727,33,8/29/2021 12:00,89.1,,,,
184728,33,8/29/2021 13:00,90.9,,,,
184729,33,8/29/2021 14:00,91.8,,,,
184730,33,8/29/2021 15:00,92.5,,,,
184731,33,8/29/2021 16:00,91.6,,,,
184732,33,8/29/2021 17:00,90.2,,,,
184733,33,8/29/2021 18:00,87.7,,,,
184734,33,8/29/2021 19:00,85.6,,,,
184735,33,8/29/2021 20:00,83.6,,,,
184736,33,8/29/2021 21:00,81.5,,,,
184737,33,8/29/2021 22:00,80.3,,,,
184738,33,8/29/2021 23:00,79.1,,,,
185213,33,8/30/2021 1:00,76.8,,,,
185214,33,8/30/2021 2:00,76,,,,
185215,33,8/30/2021 3:00,75.5,,,,
185216,33,8/30/2021 4:00,74.3,,,,
185217,33,8/30/2021 5:00,72.9,,,,
185218,33,8/30/2021 6:00,71.5,,,,
185219,33,8/30/2021 7:00,70.3,,,,
185220,33,8/30/2021 8:00,72.4,,,,
185221,33,8/30/2021 9:00,80.2,,,,
185222,33,8/30/2021 10:00,84.1,,,,
185223,33,8/30/2021 11:00,87.2,,,,
185224,33,8/30/2021 12:00,90.1,,,,
185225,33,8/30/2021 13:00,91.6,,,,
185226,33,8/30/2021 14:00,93.5,,,,
185227,33,8/30/2021 15:00,94.7,,,,
185228,33,8/30/2021 16:00,94.2,,,,
185229,33,8/30/2021 17:00,90.4,,,,
185230,33,8/30/2021 18:00,88.3,,,,
185231,33,8/30/2021 19:00,85.3,,,,
185232,33,8/30/2021 20:00,83.2,,,,
185233,33,8/30/2021 21:00,82.2,,,,
185234,33,8/30/2021 22:00,80.8,,,,
185235,33,8/30/2021 23:00,80.1,,,,
185704,33,8/31/2021 1:00,78.6,,,,
185705,33,8/31/2021 2:00,77.9,,,,
185706,33,8/31/2021 3:00,77.1,,,,
185707,33,8/31/2021 4:00,76.1,,,,
185708,33,8/31/2021 5:00,75.4,,,,
185709,33,8/31/2021 6:00,74.5,,,,
185710,33,8/31/2021 7:00,73.9,,,,
185711,33,8/31/2021 8:00,74.8,,,,
185712,33,8/31/2021 9:00,81,,,,
185713,33,8/31/2021 10:00,86.1,,,,
185714,33,8/31/2021 11:00,88.6,,,,
185715,33,8/31/2021 12:00,90.7,,,,
185716,33,8/31/2021 13:00,92.5,,,,
185717,33,8/31/2021 14:00,93.4,,,,
185718,33,8/31/2021 15:00,90.3,,,,
185719,33,8/31/2021 16:00,90.6,,,,
185720,33,8/31/2021 17:00,88.6,,,,
185721,33,8/31/2021 18:00,86.6,,,,
185722,33,8/31/2021 19:00,84,,,,
185723,33,8/31/2021 20:00,82.1,,,,
185724,33,8/31/2021 21:00,74.6,,,,
185725,33,8/31/2021 22:00,71.9,,,,
185726,33,8/31/2021 23:00,72.2,,,,
186189,33,9/1/2021 1:00,74.2,,,,
186190,33,9/1/2021 2:00,74.6,,,,
186191,33,9/1/2021 3:00,74.9,,,,
186192,33,9/1/2021 4:00,74.6,,,,
186193,33,9/1/2021 5:00,73.8,,,,
186194,33,9/1/2021 6:00,73.7,,,,
186195,33,9/1/2021 7:00,74.2,,,,
186196,33,9/1/2021 8:00,75.4,,,,
186197,33,9/1/2021 9:00,76.9,,,,
186198,33,9/1/2021 10:00,81.5,,,,
186199,33,9/1/2021 11:00,85.8,,,,
186200,33,9/1/2021 12:00,88.5,,,,
186201,33,9/1/2021 13:00,91,,,,
186202,33,9/1/2021 14:00,93.2,,,,
186203,33,9/1/2021 15:00,94,,,,
186204,33,9/1/2021 16:00,94.4,,,,
186205,33,9/1/2021 17:00,90.6,,,,
186206,33,9/1/2021 18:00,89,,,,
186207,33,9/1/2021 19:00,86.5,,,,
186208,33,9/1/2021 20:00,83.9,,,,
186209,33,9/1/2021 21:00,82.2,,,,
186210,33,9/1/2021 22:00,80.8,,,,
186211,33,9/1/2021 23:00,79.5,,,,
186704,33,9/2/2021 1:00,77.8,,,,
186705,33,9/2/2021 2:00,77,,,,
186706,33,9/2/2021 3:00,76.3,,,,
186707,33,9/2/2021 4:00,75.7,,,,
186708,33,9/2/2021 5:00,75.7,,,,
186709,33,9/2/2021 6:00,75.3,,,,
186710,33,9/2/2021 7:00,74.8,,,,
186711,33,9/2/2021 8:00,76.7,,,,
186712,33,9/2/2021 9:00,79.8,,,,
186713,33,9/2/2021 10:00,83.9,,,,
186714,33,9/2/2021 11:00,87.2,,,,
186715,33,9/2/2021 12:00,89.9,,,,
186716,33,9/2/2021 13:00,91.9,,,,
186717,33,9/2/2021 14:00,93.3,,,,
186718,33,9/2/2021 15:00,93.8,,,,
186719,33,9/2/2021 16:00,94.3,,,,
186720,33,9/2/2021 17:00,91.6,,,,
186721,33,9/2/2021 18:00,89.1,,,,
186722,33,9/2/2021 19:00,86.2,,,,
186723,33,9/2/2021 20:00,82.7,,,,
186724,33,9/2/2021 21:00,80.8,,,,
186725,33,9/2/2021 22:00,79.8,,,,
186726,33,9/2/2021 23:00,79.3,,,,
187187,33,9/3/2021 1:00,77.4,,,,
187188,33,9/3/2021 2:00,76.6,,,,
187189,33,9/3/2021 3:00,75.5,,,,
187190,33,9/3/2021 4:00,74.8,,,,
187191,33,9/3/2021 5:00,74.7,,,,
187192,33,9/3/2021 6:00,74.4,,,,
187193,33,9/3/2021 7:00,73.9,,,,
187194,33,9/3/2021 8:00,76.7,,,,
187195,33,9/3/2021 9:00,81.2,,,,
187196,33,9/3/2021 10:00,84.9,,,,
187197,33,9/3/2021 11:00,87.6,,,,
187198,33,9/3/2021 12:00,88.9,,,,
187199,33,9/3/2021 13:00,91.7,,,,
187200,33,9/3/2021 14:00,92.4,,,,
187201,33,9/3/2021 15:00,92.4,,,,
187202,33,9/3/2021 16:00,91.3,,,,
187203,33,9/3/2021 17:00,89.9,,,,
187204,33,9/3/2021 18:00,84.1,,,,
187205,33,9/3/2021 19:00,80.8,,,,
187206,33,9/3/2021 20:00,80.7,,,,
187207,33,9/3/2021 21:00,80.8,,,,
187208,33,9/3/2021 22:00,79.5,,,,
187209,33,9/3/2021 23:00,78.6,,,,
187660,33,9/4/2021 1:00,77.5,,,,
187661,33,9/4/2021 2:00,77.1,,,,
187662,33,9/4/2021 3:00,77,,,,
187663,33,9/4/2021 4:00,76.9,,,,
187664,33,9/4/2021 5:00,76.2,,,,
187665,33,9/4/2021 6:00,75.5,,,,
187666,33,9/4/2021 7:00,75.4,,,,
187667,33,9/4/2021 8:00,77,,,,
187668,33,9/4/2021 9:00,81.3,,,,
187669,33,9/4/2021 10:00,85.4,,,,
187670,33,9/4/2021 11:00,88.3,,,,
187671,33,9/4/2021 12:00,90.3,,,,
187672,33,9/4/2021 13:00,92.5,,,,
187673,33,9/4/2021 14:00,93.6,,,,
187674,33,9/4/2021 15:00,94.4,,,,
187675,33,9/4/2021 16:00,91.9,,,,
187676,33,9/4/2021 17:00,89.7,,,,
187677,33,9/4/2021 18:00,81.6,,,,
187678,33,9/4/2021 19:00,77.7,,,,
187679,33,9/4/2021 20:00,77.3,,,,
187680,33,9/4/2021 21:00,76.7,,,,
187681,33,9/4/2021 22:00,75.6,,,,
187682,33,9/4/2021 23:00,74.9,,,,
188158,33,9/5/2021 1:00,73.6,,,,
188159,33,9/5/2021 2:00,73.6,,,,
188160,33,9/5/2021 3:00,75.1,,,,
188161,33,9/5/2021 4:00,75.3,,,,
188162,33,9/5/2021 5:00,73.9,,,,
188163,33,9/5/2021 6:00,73.5,,,,
188164,33,9/5/2021 7:00,73.8,,,,
188165,33,9/5/2021 8:00,75.1,,,,
188166,33,9/5/2021 9:00,81.9,,,,
188167,33,9/5/2021 10:00,85.1,,,,
188168,33,9/5/2021 11:00,87.8,,,,
188169,33,9/5/2021 12:00,90.4,,,,
188170,33,9/5/2021 13:00,92,,,,
188171,33,9/5/2021 14:00,93.5,,,,
188172,33,9/5/2021 15:00,94.4,,,,
188173,33,9/5/2021 16:00,95,,,,
188174,33,9/5/2021 17:00,94.1,,,,
188175,33,9/5/2021 18:00,91.9,,,,
188176,33,9/5/2021 19:00,88.2,,,,
188177,33,9/5/2021 20:00,85.1,,,,
188178,33,9/5/2021 21:00,82.8,,,,
188179,33,9/5/2021 22:00,81.2,,,,
188180,33,9/5/2021 23:00,79.6,,,,
188649,33,9/6/2021 1:00,78,,,,
188650,33,9/6/2021 2:00,77.4,,,,
188651,33,9/6/2021 3:00,76.5,,,,
188652,33,9/6/2021 4:00,76.3,,,,
188653,33,9/6/2021 5:00,75.2,,,,
188654,33,9/6/2021 6:00,74.6,,,,
188655,33,9/6/2021 7:00,72.8,,,,
188656,33,9/6/2021 8:00,75.3,,,,
188657,33,9/6/2021 9:00,82.2,,,,
188658,33,9/6/2021 10:00,85.5,,,,
188659,33,9/6/2021 11:00,88.1,,,,
188660,33,9/6/2021 12:00,90.3,,,,
188661,33,9/6/2021 13:00,92,,,,
188662,33,9/6/2021 14:00,93.4,,,,
188663,33,9/6/2021 15:00,93.7,,,,
188664,33,9/6/2021 16:00,93.8,,,,
188665,33,9/6/2021 17:00,92.5,,,,
188666,33,9/6/2021 18:00,90.6,,,,
188667,33,9/6/2021 19:00,86.6,,,,
188668,33,9/6/2021 20:00,84.1,,,,
188669,33,9/6/2021 21:00,82.1,,,,
188670,33,9/6/2021 22:00,80.4,,,,
188671,33,9/6/2021 23:00,79.4,,,,
189167,33,9/7/2021 1:00,78.3,,,,
189168,33,9/7/2021 2:00,78,,,,
189169,33,9/7/2021 3:00,77.4,,,,
189170,33,9/7/2021 4:00,76.6,,,,
189171,33,9/7/2021 5:00,76.4,,,,
189172,33,9/7/2021 6:00,75.7,,,,
189173,33,9/7/2021 7:00,74.5,,,,
189174,33,9/7/2021 8:00,77.6,,,,
189175,33,9/7/2021 9:00,82.3,,,,
189176,33,9/7/2021 10:00,85.3,,,,
189177,33,9/7/2021 11:00,87.9,,,,
189178,33,9/7/2021 12:00,89.5,,,,
189179,33,9/7/2021 13:00,91.5,,,,
189180,33,9/7/2021 14:00,92.9,,,,
189181,33,9/7/2021 15:00,93.5,,,,
189182,33,9/7/2021 16:00,94,,,,
189183,33,9/7/2021 17:00,93,,,,
189184,33,9/7/2021 18:00,91.8,,,,
189185,33,9/7/2021 19:00,85,,,,
189186,33,9/7/2021 20:00,83.6,,,,
189187,33,9/7/2021 21:00,82.5,,,,
189188,33,9/7/2021 22:00,81,,,,
189189,33,9/7/2021 23:00,79.8,,,,
189660,33,9/8/2021 1:00,78.6,,,,
189661,33,9/8/2021 2:00,78.1,,,,
189662,33,9/8/2021 3:00,77.5,,,,
189663,33,9/8/2021 4:00,76.6,,,,
189664,33,9/8/2021 5:00,76.5,,,,
189665,33,9/8/2021 6:00,75.9,,,,
189666,33,9/8/2021 7:00,75.6,,,,
189667,33,9/8/2021 8:00,77.8,,,,
189668,33,9/8/2021 9:00,82,,,,
189669,33,9/8/2021 10:00,85.6,,,,
189670,33,9/8/2021 11:00,88.1,,,,
189671,33,9/8/2021 12:00,90.1,,,,
189672,33,9/8/2021 13:00,91.7,,,,
189673,33,9/8/2021 14:00,92.7,,,,
189674,33,9/8/2021 15:00,94.4,,,,
189675,33,9/8/2021 16:00,94.7,,,,
189676,33,9/8/2021 17:00,94.4,,,,
189677,33,9/8/2021 18:00,90.1,,,,
189678,33,9/8/2021 19:00,85,,,,
189679,33,9/8/2021 20:00,83.5,,,,
189680,33,9/8/2021 21:00,82.2,,,,
189681,33,9/8/2021 22:00,81,,,,
189682,33,9/8/2021 23:00,80.1,,,,
190085,33,9/9/2021 1:00,78.2,,,,
190086,33,9/9/2021 2:00,77.4,,,,
190087,33,9/9/2021 3:00,77.9,,,,
190088,33,9/9/2021 4:00,77.2,,,,
190089,33,9/9/2021 5:00,76.4,,,,
190090,33,9/9/2021 6:00,73.5,,,,
190091,33,9/9/2021 7:00,72.2,,,,
190092,33,9/9/2021 8:00,75.4,,,,
190093,33,9/9/2021 9:00,81.4,,,,
190094,33,9/9/2021 10:00,85.1,,,,
190095,33,9/9/2021 11:00,87.8,,,,
190096,33,9/9/2021 12:00,90.6,,,,
190097,33,9/9/2021 13:00,92.4,,,,
190098,33,9/9/2021 14:00,93.6,,,,
190099,33,9/9/2021 15:00,94.7,,,,
190100,33,9/9/2021 16:00,94.9,,,,
190101,33,9/9/2021 17:00,94,,,,
190102,33,9/9/2021 18:00,92.4,,,,
190103,33,9/9/2021 19:00,89.3,,,,
190104,33,9/9/2021 20:00,86.4,,,,
190105,33,9/9/2021 21:00,83.8,,,,
190106,33,9/9/2021 22:00,82.1,,,,
190107,33,9/9/2021 23:00,80.9,,,,
190578,33,9/10/2021 1:00,78.5,,,,
190579,33,9/10/2021 2:00,77.6,,,,
190580,33,9/10/2021 3:00,77.1,,,,
190581,33,9/10/2021 4:00,76.5,,,,
190582,33,9/10/2021 5:00,76.7,,,,
190583,33,9/10/2021 6:00,76.7,,,,
190584,33,9/10/2021 7:00,76.4,,,,
190585,33,9/10/2021 8:00,76.9,,,,
190586,33,9/10/2021 9:00,80.6,,,,
190587,33,9/10/2021 10:00,84.3,,,,
190588,33,9/10/2021 11:00,87.8,,,,
190589,33,9/10/2021 12:00,90,,,,
190590,33,9/10/2021 13:00,91.6,,,,
190591,33,9/10/2021 14:00,93,,,,
190592,33,9/10/2021 15:00,93.9,,,,
190593,33,9/10/2021 16:00,93.4,,,,
190594,33,9/10/2021 17:00,93.7,,,,
190595,33,9/10/2021 18:00,90.8,,,,
190596,33,9/10/2021 19:00,82.6,,,,
190597,33,9/10/2021 20:00,80.3,,,,
190598,33,9/10/2021 21:00,79.3,,,,
190599,33,9/10/2021 22:00,78.8,,,,
190600,33,9/10/2021 23:00,78,,,,
191090,33,9/11/2021 1:00,76.7,,,,
191091,33,9/11/2021 2:00,76.6,,,,
191092,33,9/11/2021 3:00,75.6,,,,
191093,33,9/11/2021 4:00,74.9,,,,
191094,33,9/11/2021 5:00,73.7,,,,
191095,33,9/11/2021 6:00,73.7,,,,
191096,33,9/11/2021 7:00,73.3,,,,
191097,33,9/11/2021 8:00,75.6,,,,
191098,33,9/11/2021 9:00,81.9,,,,
191099,33,9/11/2021 10:00,85.8,,,,
191100,33,9/11/2021 11:00,87.9,,,,
191101,33,9/11/2021 12:00,90.1,,,,
191102,33,9/11/2021 13:00,92.5,,,,
191103,33,9/11/2021 14:00,87.4,,,,
191104,33,9/11/2021 15:00,87.9,,,,
191105,33,9/11/2021 16:00,90.7,,,,
191106,33,9/11/2021 17:00,90.7,,,,
191107,33,9/11/2021 18:00,88.4,,,,
191108,33,9/11/2021 19:00,84.7,,,,
191109,33,9/11/2021 20:00,82.1,,,,
191110,33,9/11/2021 21:00,80.8,,,,
191111,33,9/11/2021 22:00,79.4,,,,
191112,33,9/11/2021 23:00,78.9,,,,
191274,33,9/12/2021 1:00,77.6,,,,
191275,33,9/12/2021 2:00,76.9,,,,
191276,33,9/12/2021 3:00,76.5,,,,
191277,33,9/12/2021 4:00,76.1,,,,
191278,33,9/12/2021 5:00,75.5,,,,
191279,33,9/12/2021 6:00,75.3,,,,
191280,33,9/12/2021 7:00,75.5,,,,
191281,33,9/12/2021 8:00,76.3,,,,
191282,33,9/12/2021 9:00,77.2,,,,
191283,33,9/12/2021 10:00,84.4,,,,
191284,33,9/12/2021 11:00,87,,,,
191285,33,9/12/2021 12:00,87.3,,,,
191286,33,9/12/2021 13:00,85.4,,,,
191287,33,9/12/2021 14:00,77.9,,,,
191288,33,9/12/2021 15:00,74.9,,,,
191289,33,9/12/2021 16:00,76,,,,
191290,33,9/12/2021 17:00,79.7,,,,
191291,33,9/12/2021 18:00,78.6,,,,
191292,33,9/12/2021 19:00,76.4,,,,
191293,33,9/12/2021 20:00,75.5,,,,
191294,33,9/12/2021 21:00,74.8,,,,
191295,33,9/12/2021 22:00,74.9,,,,
191296,33,9/12/2021 23:00,75,,,,
191458,33,9/13/2021 1:00,73.2,,,,
191459,33,9/13/2021 2:00,73.3,,,,
191460,33,9/13/2021 3:00,72.8,,,,
191461,33,9/13/2021 4:00,72.4,,,,
191462,33,9/13/2021 5:00,72.9,,,,
191463,33,9/13/2021 6:00,72.8,,,,
191464,33,9/13/2021 7:00,72.3,,,,
191465,33,9/13/2021 8:00,74.1,,,,
191466,33,9/13/2021 9:00,79.6,,,,
191467,33,9/13/2021 10:00,83.9,,,,
191468,33,9/13/2021 11:00,87.5,,,,
191469,33,9/13/2021 12:00,88.6,,,,
191470,33,9/13/2021 13:00,86.7,,,,
191471,33,9/13/2021 14:00,89.2,,,,
191472,33,9/13/2021 15:00,87.3,,,,
191473,33,9/13/2021 16:00,83.6,,,,
191474,33,9/13/2021 17:00,77.5,,,,
191475,33,9/13/2021 18:00,75.6,,,,
191476,33,9/13/2021 19:00,74,,,,
191477,33,9/13/2021 20:00,73.4,,,,
191478,33,9/13/2021 21:00,73.5,,,,
191479,33,9/13/2021 22:00,73.7,,,,
191480,33,9/13/2021 23:00,73.8,,,,
50487,33,9/14/2021 1:00,73.6,,,,
50489,33,9/14/2021 2:00,73.7,,,,
50492,33,9/14/2021 3:00,74,,,,
50495,33,9/14/2021 4:00,73.9,,,,
50497,33,9/14/2021 5:00,74,,,,
50500,33,9/14/2021 6:00,73.9,,,,
50503,33,9/14/2021 7:00,73.7,,,,
50505,33,9/14/2021 8:00,74.6,,,,
50508,33,9/14/2021 9:00,78.8,,,,
50511,33,9/14/2021 10:00,83.1,,,,
50514,33,9/14/2021 11:00,85.1,,,,
50518,33,9/14/2021 12:00,88.3,,,,
50522,33,9/14/2021 13:00,88.8,,,,
50525,33,9/14/2021 14:00,89.5,,,,
50527,33,9/14/2021 15:00,88.1,,,,
50528,33,9/14/2021 16:00,86.9,,,,
50530,33,9/14/2021 17:00,85.5,,,,
50532,33,9/14/2021 18:00,81.5,,,,
50534,33,9/14/2021 19:00,76.3,,,,
50536,33,9/14/2021 20:00,70.7,,,,
50538,33,9/14/2021 21:00,71.1,,,,
50540,33,9/14/2021 22:00,71.4,,,,
50542,33,9/14/2021 23:00,71.7,,,,
191826,33,9/15/2021 1:00,71.2,,,,
191827,33,9/15/2021 2:00,71.9,,,,
191828,33,9/15/2021 3:00,72.1,,,,
191829,33,9/15/2021 4:00,71.7,,,,
191830,33,9/15/2021 5:00,71.8,,,,
191831,33,9/15/2021 6:00,71.6,,,,
191832,33,9/15/2021 7:00,71.9,,,,
191833,33,9/15/2021 8:00,73.8,,,,
191834,33,9/15/2021 9:00,77.6,,,,
191835,33,9/15/2021 10:00,82.2,,,,
191836,33,9/15/2021 11:00,85.8,,,,
191837,33,9/15/2021 12:00,88.1,,,,
191838,33,9/15/2021 13:00,89.2,,,,
191839,33,9/15/2021 14:00,90.9,,,,
191840,33,9/15/2021 15:00,88.6,,,,
191841,33,9/15/2021 16:00,85,,,,
191842,33,9/15/2021 17:00,78.2,,,,
191843,33,9/15/2021 18:00,68.9,,,,
191844,33,9/15/2021 19:00,71.1,,,,
191845,33,9/15/2021 20:00,70.9,,,,
191846,33,9/15/2021 21:00,71,,,,
191847,33,9/15/2021 22:00,72,,,,
191848,33,9/15/2021 23:00,71.6,,,,
192033,33,9/16/2021 1:00,71.4,,,,
192034,33,9/16/2021 2:00,71.4,,,,
192035,33,9/16/2021 3:00,71.4,,,,
192036,33,9/16/2021 4:00,70.7,,,,
192037,33,9/16/2021 5:00,70.2,,,,
192038,33,9/16/2021 6:00,70.9,,,,
192039,33,9/16/2021 7:00,71.1,,,,
192040,33,9/16/2021 8:00,71.3,,,,
192041,33,9/16/2021 9:00,75.4,,,,
192042,33,9/16/2021 10:00,79.8,,,,
192043,33,9/16/2021 11:00,81.9,,,,
192044,33,9/16/2021 12:00,84.5,,,,
192045,33,9/16/2021 13:00,87.2,,,,
192046,33,9/16/2021 14:00,88.3,,,,
192047,33,9/16/2021 15:00,86.8,,,,
192048,33,9/16/2021 16:00,84.5,,,,
192049,33,9/16/2021 17:00,82.1,,,,
192050,33,9/16/2021 18:00,80.9,,,,
192051,33,9/16/2021 19:00,79.4,,,,
192052,33,9/16/2021 20:00,78.4,,,,
192053,33,9/16/2021 21:00,77.3,,,,
192054,33,9/16/2021 22:00,76.2,,,,
192055,33,9/16/2021 23:00,75.4,,,,
192240,33,9/17/2021 1:00,73.6,,,,
192241,33,9/17/2021 2:00,73.1,,,,
192242,33,9/17/2021 3:00,73.2,,,,
192243,33,9/17/2021 4:00,73.2,,,,
192244,33,9/17/2021 5:00,73.9,,,,
192245,33,9/17/2021 6:00,73.9,,,,
192246,33,9/17/2021 7:00,73.3,,,,
192247,33,9/17/2021 8:00,74.6,,,,
192248,33,9/17/2021 9:00,80.3,,,,
192249,33,9/17/2021 10:00,83.6,,,,
192250,33,9/17/2021 11:00,85.6,,,,
192251,33,9/17/2021 12:00,87.6,,,,
192252,33,9/17/2021 13:00,88.7,,,,
192253,33,9/17/2021 14:00,89.8,,,,
192254,33,9/17/2021 15:00,85.7,,,,
192255,33,9/17/2021 16:00,85.6,,,,
192256,33,9/17/2021 17:00,84.1,,,,
192257,33,9/17/2021 18:00,84.1,,,,
192258,33,9/17/2021 19:00,82.7,,,,
192259,33,9/17/2021 20:00,80.9,,,,
192260,33,9/17/2021 21:00,79.3,,,,
192261,33,9/17/2021 22:00,78.7,,,,
192262,33,9/17/2021 23:00,78,,,,
192447,33,9/18/2021 1:00,76.7,,,,
192448,33,9/18/2021 2:00,76.4,,,,
192449,33,9/18/2021 3:00,76,,,,
192450,33,9/18/2021 4:00,75.5,,,,
192451,33,9/18/2021 5:00,75.1,,,,
192452,33,9/18/2021 6:00,74.9,,,,
192453,33,9/18/2021 7:00,74.9,,,,
192454,33,9/18/2021 8:00,76.6,,,,
192455,33,9/18/2021 9:00,80,,,,
192456,33,9/18/2021 10:00,80.7,,,,
192457,33,9/18/2021 11:00,83.4,,,,
192458,33,9/18/2021 12:00,86,,,,
192459,33,9/18/2021 13:00,87,,,,
192460,33,9/18/2021 14:00,87.6,,,,
192461,33,9/18/2021 15:00,89.1,,,,
192462,33,9/18/2021 16:00,88.3,,,,
192463,33,9/18/2021 17:00,84.2,,,,
192464,33,9/18/2021 18:00,83.7,,,,
192465,33,9/18/2021 19:00,81.8,,,,
192466,33,9/18/2021 20:00,80.2,,,,
192467,33,9/18/2021 21:00,78.5,,,,
192468,33,9/18/2021 22:00,77.6,,,,
192469,33,9/18/2021 23:00,76.5,,,,
192631,33,9/19/2021 1:00,74.5,,,,
192632,33,9/19/2021 2:00,74.1,,,,
192633,33,9/19/2021 3:00,73.3,,,,
192634,33,9/19/2021 4:00,72.3,,,,
192635,33,9/19/2021 5:00,72.2,,,,
192636,33,9/19/2021 6:00,72.1,,,,
192637,33,9/19/2021 7:00,71.9,,,,
192638,33,9/19/2021 8:00,73.4,,,,
192639,33,9/19/2021 9:00,75.6,,,,
192640,33,9/19/2021 10:00,79.1,,,,
192641,33,9/19/2021 11:00,84.5,,,,
192642,33,9/19/2021 12:00,82.7,,,,
192643,33,9/19/2021 13:00,79.3,,,,
192644,33,9/19/2021 14:00,85.5,,,,
192645,33,9/19/2021 15:00,81.7,,,,
192646,33,9/19/2021 16:00,80,,,,
192647,33,9/19/2021 17:00,82.8,,,,
192648,33,9/19/2021 18:00,80.1,,,,
192649,33,9/19/2021 19:00,79.4,,,,
192650,33,9/19/2021 20:00,78.5,,,,
192651,33,9/19/2021 21:00,77,,,,
192652,33,9/19/2021 22:00,76.2,,,,
192653,33,9/19/2021 23:00,75.4,,,,
192838,33,9/20/2021 1:00,74.4,,,,
192839,33,9/20/2021 2:00,73.8,,,,
192840,33,9/20/2021 3:00,73.2,,,,
192841,33,9/20/2021 4:00,72.6,,,,
192842,33,9/20/2021 5:00,71.7,,,,
192843,33,9/20/2021 6:00,71.6,,,,
192844,33,9/20/2021 7:00,70.9,,,,
192845,33,9/20/2021 8:00,73.3,,,,
192846,33,9/20/2021 9:00,80.3,,,,
192847,33,9/20/2021 10:00,84.3,,,,
192848,33,9/20/2021 11:00,86.7,,,,
192849,33,9/20/2021 12:00,87.6,,,,
192850,33,9/20/2021 13:00,89.1,,,,
192851,33,9/20/2021 14:00,84.5,,,,
192852,33,9/20/2021 15:00,87.5,,,,
192853,33,9/20/2021 16:00,79.6,,,,
192854,33,9/20/2021 17:00,80.2,,,,
192855,33,9/20/2021 18:00,80.2,,,,
192856,33,9/20/2021 19:00,78.1,,,,
192857,33,9/20/2021 20:00,77.4,,,,
192858,33,9/20/2021 21:00,77,,,,
192859,33,9/20/2021 22:00,76.5,,,,
192860,33,9/20/2021 23:00,76.1,,,,
132702,33,9/23/2021 16:00,90.1,,,,
