{"template":"default","enableI18N":"0","messageCategory":"app","db":"db","nameAttribute":"name, title, username","nsModel":"frontend\\models","nsSearchModel":"app\\models","baseModelClass":"yii\\db\\ActiveRecord","queryNs":"frontend\\models","queryBaseClass":"yii\\db\\ActiveQuery","optimisticLock":"","createdBy":"","updatedBy":"","createdAt":"","timestampValue":"new \\yii\\db\\Expression('NOW()')","updatedAt":"","blameableValue":"\\Yii::$app->user->id","deletedAt":"","deletedAtValue":"","deletedAtValueRestored":"date('Y-m-d H:i:s')","deletedBy":"","deletedByValue":"","deletedByValueRestored":"0","UUIDColumn":"","generateRelations":"all"}