{"template":"default","enableI18N":"1","messageCategory":"app","db":"db","skippedColumns":"created_at, updated_at, created_by, updated_by, deleted_at, deleted_by, created, modified, deleted","hiddenColumns":"id, temp_out, hum_out, solar_rad, wind_speed","nameAttribute":"Nombre, Cultivo, etp, username","nsModel":"frontend\\models","nsSearchModel":"frontend\\models","nsController":"frontend\\controllers","baseModelClass":"yii\\db\\ActiveRecord","queryNs":"app\\models","queryBaseClass":"yii\\db\\ActiveQuery","optimisticLock":"lock","createdBy":"created_by","updatedBy":"updated_by","deletedBy":"deleted_by","createdAt":"created_at","timestampValue":"new Expression('NOW()')","updatedAt":"updated_at","deletedAt":"deleted_at","blameableValue":"Yii::\\$app->user->id","UUIDColumn":"id","baseControllerClass":"yii\\web\\Controller","indexWidgetType":"grid","viewPath":"@app\/views"}