,ds,trend,yhat_lower,yhat_upper,trend_lower,trend_upper,additive_terms,additive_terms_lower,additive_terms_upper,daily,daily_lower,daily_upper,weekly,weekly_lower,weekly_upper,yearly,yearly_lower,yearly_upper,multiplicative_terms,multiplicative_terms_lower,multiplicative_terms_upper,yhat
2139,2022-01-06 00:00:00,0.12269181690076186,-0.5251008169851901,0.7989589816476962,0.028513789822232363,0.21288486549421554,0.007286769326743809,0.007286769326743809,0.007286769326743809,0.004934363411622123,0.004934363411622123,0.004934363411622123,0.0013805113967288517,0.0013805113967288517,0.0013805113967288517,0.0009718945183928351,0.0009718945183928351,0.0009718945183928351,0.0,0.0,0.0,0.12997858622750566
2140,2022-01-06 01:00:00,0.12270578379101903,-0.5512796804394522,0.8325135349391036,0.02847749059148436,0.2129993013879033,0.001676860588079707,0.001676860588079707,0.001676860588079707,-0.0021040728455691327,-0.0021040728455691327,-0.0021040728455691327,0.00282290137785482,0.00282290137785482,0.00282290137785482,0.0009580320557940189,0.0009580320557940189,0.0009580320557940189,0.0,0.0,0.0,0.12438264437909874
2141,2022-01-06 02:00:00,0.1227197506812763,-0.4884575058026849,0.7582281616761873,0.028441191360736345,0.21311373728159194,-0.0008490859921818779,-0.0008490859921818779,-0.0008490859921818779,-0.006089332494218248,-0.006089332494218248,-0.006089332494218248,0.004295703360298458,0.004295703360298458,0.004295703360298458,0.0009445431417379102,0.0009445431417379102,0.0009445431417379102,0.0,0.0,0.0,0.12187066468909442
2142,2022-01-06 03:00:00,0.12273371757153348,-0.5042358397792579,0.7482009211260521,0.02840489212998833,0.2132281731752797,0.00036728764242639864,0.00036728764242639864,0.00036728764242639864,-0.006350304222918564,-0.006350304222918564,-0.006350304222918564,0.005786164898343792,0.005786164898343792,0.005786164898343792,0.0009314269670011722,0.0009314269670011722,0.0009314269670011722,0.0,0.0,0.0,0.12310100521395988
2143,2022-01-06 04:00:00,0.12274768446179064,-0.5359947092373614,0.7837832169657755,0.02836859289924077,0.21334260906896743,0.00350398150707855,0.00350398150707855,0.00350398150707855,-0.004695853537139788,-0.004695853537139788,-0.004695853537139788,0.007281152341919452,0.007281152341919452,0.007281152341919452,0.0009186827022988856,0.0009186827022988856,0.0009186827022988856,0.0,0.0,0.0,0.1262516659688692
2144,2022-01-06 05:00:00,0.12276165135204781,-0.5003247648614292,0.7633285342152435,0.028332293668492766,0.21345704496265427,0.00607101730318384,0.00607101730318384,0.00607101730318384,-0.003602587053065223,-0.003602587053065223,-0.003602587053065223,0.008767294857882954,0.008767294857882954,0.008767294857882954,0.0009063094983661096,0.0009063094983661096,0.0009063094983661096,0.0,0.0,0.0,0.12883266865523166
2145,2022-01-06 06:00:00,0.12277561824230497,-0.5125836447391431,0.7740496422586419,0.02829599443774521,0.213571480856342,0.006989396914125238,0.006989396914125238,0.006989396914125238,-0.004136041661549616,-0.004136041661549616,-0.004136041661549616,0.010231132089678983,0.010231132089678983,0.010231132089678983,0.0008943064859958716,0.0008943064859958716,0.0008943064859958716,0.0,0.0,0.0,0.1297650151564302
2146,2022-01-06 07:00:00,0.12278958513256213,-0.5096204842232118,0.7569762630766894,0.028259695206997205,0.21368591675002974,0.007118712354986407,0.007118712354986407,0.007118712354986407,-0.005423224119680124,-0.005423224119680124,-0.005423224119680124,0.011659263698518075,0.011659263698518075,0.011659263698518075,0.0008826727761484564,0.0008826727761484564,0.0008826727761484564,0.0,0.0,0.0,0.12990829748754854
2147,2022-01-06 08:00:00,0.12280355202281942,-0.5219480904733793,0.7462441643829842,0.028223395976249177,0.2138003526437184,0.00796953960826951,0.00796953960826951,0.00796953960826951,-0.005940366855521024,-0.005940366855521024,-0.005940366855521024,0.013038499003813896,0.013038499003813896,0.013038499003813896,0.0008714074599766352,0.0008714074599766352,0.0008714074599766352,0.0,0.0,0.0,0.13077309163108894
2148,2022-01-06 09:00:00,0.12281751891307659,-0.5324023970076488,0.7294069556898396,0.028187096745501173,0.21391478853740614,0.010027136724706023,0.010027136724706023,0.010027136724706023,-0.005189377818024389,-0.005189377818024389,-0.005189377818024389,0.014356004933856576,0.014356004933856576,0.014356004933856576,0.0008605096088738336,0.0008605096088738336,0.0008605096088738336,0.0,0.0,0.0,0.1328446556377826
2149,2022-01-06 10:00:00,0.12283148580333375,-0.4998011053043677,0.7720793379057798,0.028150797514753613,0.2140292244310939,0.012334506677170464,0.012334506677170464,0.012334506677170464,-0.004114922109910228,-0.004114922109910228,-0.004114922109910228,0.015599450512481534,0.015599450512481534,0.015599450512481534,0.0008499782745991547,0.0008499782745991547,0.0008499782745991547,0.0,0.0,0.0,0.1351659924805042
2150,2022-01-06 11:00:00,0.12284545269359093,-0.5317301283076151,0.7803884296122713,0.02811449828400561,0.21414366032478074,0.013612851047962548,0.013612851047962548,0.013612851047962548,-0.003984107591112103,-0.003984107591112103,-0.003984107591112103,0.01675714614978408,0.01675714614978408,0.01675714614978408,0.0008398124892905649,0.0008398124892905649,0.0008398124892905649,0.0,0.0,0.0,0.1364583037415535
2151,2022-01-06 12:00:00,0.12285941958384809,-0.5068982780838819,0.7457053027278236,0.028078199053258042,0.21425809621846847,0.013660344974455986,0.013660344974455986,0.013660344974455986,-0.004987842352594495,-0.004987842352594495,-0.004987842352594495,0.017818176061510753,0.017818176061510753,0.017818176061510753,0.0008300112655397298,0.0008300112655397298,0.0008300112655397298,0.0,0.0,0.0,0.13651976455830409
2152,2022-01-06 13:00:00,0.12287338647410526,-0.46827795762004615,0.802967315199499,0.028041899822510038,0.2143725321121562,0.013584332876012316,0.013584332876012316,0.013584332876012316,-0.006008762942066479,-0.006008762942066479,-0.006008762942066479,0.018772522221598285,0.018772522221598285,0.018772522221598285,0.0008205735964805062,0.0008205735964805062,0.0008205735964805062,0.0,0.0,0.0,0.13645771935011758
2153,2022-01-06 14:00:00,0.12288735336436243,-0.5177987556482379,0.7385920861987273,0.028005600591762478,0.21448696800584305,0.01469751762145779,0.01469751762145779,0.01469751762145779,-0.005725159190590673,-0.005725159190590673,-0.005725159190590673,0.019611178356195354,0.019611178356195354,0.019611178356195354,0.0008114984558531069,0.0008114984558531069,0.0008114984558531069,0.0,0.0,0.0,0.13758487098582023
2154,2022-01-06 15:00:00,0.12290132025461971,-0.5421931538182916,0.7517965595596987,0.027969301361014016,0.2146014038995326,0.01728764929408535,0.01728764929408535,0.01728764929408535,-0.0038413881060793895,-0.0038413881060793895,-0.0038413881060793895,0.020326252602102288,0.020326252602102288,0.020326252602102288,0.0008027847980624523,0.0008027847980624523,0.0008027847980624523,0.0,0.0,0.0,0.14018896954870505
2155,2022-01-06 16:00:00,0.12291528714487687,-0.49132237796322364,0.7892304544305407,0.02793300213026646,0.21471583979322034,0.020538204035615765,0.020538204035615765,0.020538204035615765,-0.0011672851109049388,-0.0011672851109049388,-0.0011672851109049388,0.02091105758828033,0.02091105758828033,0.02091105758828033,0.0007944315582403693,0.0007944315582403693,0.0007944315582403693,0.0,0.0,0.0,0.14345349118049264
2156,2022-01-06 17:00:00,0.12292925403513405,-0.4940169341366479,0.8074879423866408,0.02789670289951844,0.21483027568690719,0.023601776705666527,0.023601776705666527,0.023601776705666527,0.0014551522000124171,0.0014551522000124171,0.0014551522000124171,0.021360186853292325,0.021360186853292325,0.021360186853292325,0.0007864376523617808,0.0007864376523617808,0.0007864376523617808,0.0,0.0,0.0,0.14653103074080057
2157,2022-01-06 18:00:00,0.12294322092539121,-0.4809223872268427,0.8288041990798893,0.027860403668770885,0.21494471158059494,0.026569320940040327,0.026569320940040327,0.026569320940040327,0.0041209422912153884,0.0041209422912153884,0.0041209422912153884,0.021669576671561424,0.021669576671561424,0.021669576671561424,0.0007788019772635189,0.0007788019772635189,0.0007788019772635189,0.0,0.0,0.0,0.14951254186543153
2158,2022-01-06 19:00:00,0.12295718781564838,-0.4930386940836465,0.7788925418986535,0.02782410443802288,0.21505914747428267,0.030177683450141834,0.030177683450141834,0.030177683450141834,0.007569607500267286,0.007569607500267286,0.007569607500267286,0.021836552539112472,0.021836552539112472,0.021836552539112472,0.0007715234107620773,0.0007715234107620773,0.0007715234107620773,0.0,0.0,0.0,0.1531348712657902
2159,2022-01-06 20:00:00,0.12297115470590554,-0.47749550512978967,0.7621075995763303,0.02778780520727532,0.2151735833679695,0.03448144501095566,0.03448144501095566,0.03448144501095566,0.011856984444605295,0.011856984444605295,0.011856984444605295,0.021859859754664424,0.021859859754664424,0.021859859754664424,0.0007646008116859422,0.0007646008116859422,0.0007646008116859422,0.0,0.0,0.0,0.1574525997168612
2160,2022-01-06 21:00:00,0.12298512159616283,-0.48808203876709877,0.8160629002890354,0.027751505976526848,0.21528801926165905,0.03794735920103435,0.03794735920103435,0.03794735920103435,0.015449648458273195,0.015449648458273195,0.015449648458273195,0.02173967772275153,0.02173967772275153,0.02173967772275153,0.0007580330200096227,0.0007580330200096227,0.0007580330200096227,0.0,0.0,0.0,0.16093248079719719
2161,2022-01-06 22:00:00,0.12299908848642,-0.4933555857654093,0.7745384941328156,0.02771520674577929,0.21540245515534592,0.03817394982489186,0.03817394982489186,0.03817394982489186,0.01594451316504596,0.01594451316504596,0.01594451316504596,0.021477617802968387,0.021477617802968387,0.021477617802968387,0.0007518188568775213,0.0007518188568775213,0.0007518188568775213,0.0,0.0,0.0,0.16117303831131186
2162,2022-01-06 23:00:00,0.12301305537667716,-0.4255972990300136,0.7743831779596536,0.027678907515031288,0.21551689104903365,0.03385207839243421,0.03385207839243421,0.03385207839243421,0.012029416539792942,0.012029416539792942,0.012029416539792942,0.02107670472794428,0.02107670472794428,0.02107670472794428,0.0007459571246969893,0.0007459571246969893,0.0007459571246969893,0.0,0.0,0.0,0.15686513376911138
2163,2022-01-07 00:00:00,0.12302702226693432,-0.4661978503004964,0.7758384906431678,0.027642608284283728,0.21563132694272139,0.026216151829715095,0.026216151829715095,0.026216151829715095,0.004934363411466602,0.004934363411466602,0.004934363411466602,0.020541341811019864,0.020541341811019864,0.020541341811019864,0.0007404466072286248,0.0007404466072286248,0.0007404466072286248,0.0,0.0,0.0,0.14924317409664942
2164,2022-01-07 01:00:00,0.1230409891571915,-0.48048653332597835,0.7830339441082091,0.027606309053535723,0.21574576283640914,0.018508473585214028,0.018508473585214028,0.018508473585214028,-0.0021040728453931563,-0.0021040728453931563,-0.0021040728453931563,0.019877260360937864,0.019877260360937864,0.019877260360937864,0.000735286069669325,0.000735286069669325,0.000735286069669325,0.0,0.0,0.0,0.14154946274240554
2165,2022-01-07 02:00:00,0.12305495604744866,-0.4794212336916416,0.7987079698605336,0.027570009822788153,0.215860198730096,0.013732595675250817,0.013732595675250817,0.013732595675250817,-0.00608933249424043,-0.00608933249424043,-0.00608933249424043,0.019091453910794847,0.019091453910794847,0.019091453910794847,0.000730474258696401,0.000730474258696401,0.000730474258696401,0.0,0.0,0.0,0.1367875517226995
2166,2022-01-07 03:00:00,0.12306892293770594,-0.5239460576621005,0.770578256808092,0.02753371059203969,0.21597463462378555,0.012567803731761295,0.012567803731761295,0.012567803731761295,-0.006350304222984892,-0.006350304222984892,-0.006350304222984892,0.01819209805214356,0.01819209805214356,0.01819209805214356,0.0007260099026026269,0.0007260099026026269,0.0007260099026026269,0.0,0.0,0.0,0.13563672666946724
2167,2022-01-07 04:00:00,0.12308288982796312,-0.5117724921507083,0.7857630923556,0.027497411361292134,0.21608907051747236,0.013214495013448317,0.013214495013448317,0.013214495013448317,-0.004695853537207219,-0.004695853537207219,-0.004695853537207219,0.017188456839304696,0.017188456839304696,0.017188456839304696,0.00072189171135084,0.00072189171135084,0.00072189171135084,0.0,0.0,0.0,0.13629738484141143
2168,2022-01-07 05:00:00,0.12309685671822028,-0.4952205088871106,0.7986952171981516,0.027461112130544578,0.2162035064111601,0.01320630821247829,0.01320630821247829,0.01320630821247829,-0.003602587053100897,-0.003602587053100897,-0.003602587053100897,0.016090776888929324,0.016090776888929324,0.016090776888929324,0.0007181183766498643,0.0007181183766498643,0.0007181183766498643,0.0,0.0,0.0,0.13630316493069858
2169,2022-01-07 06:00:00,0.12311082360847744,-0.5050765651285986,0.775251073314648,0.02742481289979656,0.21631794230484785,0.011488817358888159,0.011488817358888159,0.011488817358888159,-0.004136041661579427,-0.004136041661579427,-0.004136041661579427,0.014910170448424163,0.014910170448424163,0.014910170448424163,0.0007146885720434275,0.0007146885720434275,0.0007146885720434275,0.0,0.0,0.0,0.1345996409673656
2170,2022-01-07 07:00:00,0.12312479049873462,-0.49999070405275997,0.7932442062769818,0.027388513669049003,0.2164323781985347,0.008946865673539538,0.008946865673539538,0.008946865673539538,-0.005423224119726737,-0.005423224119726737,-0.005423224119726737,0.013658488840250256,0.013658488840250256,0.013658488840250256,0.0007116009530160216,0.0007116009530160216,0.0007116009530160216,0.0,0.0,0.0,0.13207165617227415
2171,2022-01-07 08:00:00,0.12313875738899178,-0.5044693930203958,0.7869333862251033,0.027352214438301,0.21654681409222243,0.0071166751022820164,0.0071166751022820164,0.0071166751022820164,-0.0059403668555477315,-0.0059403668555477315,-0.0059403668555477315,0.012348187800774107,0.012348187800774107,0.012348187800774107,0.0007088541570556379,0.0007088541570556379,0.0007088541570556379,0.0,0.0,0.0,0.1302554324912738
2172,2022-01-07 09:00:00,0.12315272427924906,-0.481273485973523,0.7809198798536047,0.02731591520755298,0.216661249985912,0.006509255316431634,0.006509255316431634,0.006509255316431634,-0.005189377818018891,-0.005189377818018891,-0.005189377818018891,0.010992186330691177,0.010992186330691177,0.010992186330691177,0.0007064468037593484,0.0007064468037593484,0.0007064468037593484,0.0,0.0,0.0,0.12966197959568068
2173,2022-01-07 10:00:00,0.12316669116950624,-0.484885667593903,0.788430450519051,0.027279615976804977,0.21677568587959883,0.006193176135518698,0.006193176135518698,0.006193176135518698,-0.004114922109929396,-0.004114922109929396,-0.004114922109929396,0.009603720750552509,0.009603720750552509,0.009603720750552509,0.0007043774948955844,0.0007043774948955844,0.0007043774948955844,0.0,0.0,0.0,0.12935986730502494
2174,2022-01-07 11:00:00,0.1231806580597634,-0.5113867844044031,0.7212840976801083,0.02724331674605741,0.21689012177328656,0.00491473293026593,0.00491473293026593,0.00491473293026593,-0.003984107591205815,-0.003984107591205815,-0.003984107591205815,0.00819619570693858,0.00819619570693858,0.00819619570693858,0.0007026448145331652,0.0007026448145331652,0.0007026448145331652,0.0,0.0,0.0,0.12809539099002934
2175,2022-01-07 12:00:00,0.12319462495002056,-0.5508393011649024,0.7629088540059997,0.027207017515309403,0.2170045576669743,0.002496438888798254,0.002496438888798254,0.002496438888798254,-0.004987842352703808,-0.004987842352703808,-0.004987842352703808,0.006783033912411867,0.006783033912411867,0.006783033912411867,0.0007012473290901957,0.0007012473290901957,0.0007012473290901957,0.0,0.0,0.0,0.1256910638388188
2176,2022-01-07 13:00:00,0.12320859184027773,-0.5760416431208855,0.7885136243959493,0.027170718284561846,0.21711899356066117,6.894705783576809e-05,6.894705783576809e-05,6.894705783576809e-05,-0.006008762942115435,-0.006008762942115435,-0.006008762942115435,0.005377526412494925,0.005377526412494925,0.005377526412494925,0.0007001835874562777,0.0007001835874562777,0.0007001835874562777,0.0,0.0,0.0,0.12327753889811349
2177,2022-01-07 14:00:00,0.12322255873053489,-0.5542060776930132,0.7686391953520847,0.027134419053813842,0.2172334294543489,-0.0010330219078208533,-0.0010330219078208533,-0.0010330219078208533,-0.005725159190582349,-0.005725159190582349,-0.005725159190582349,0.003992685161696673,0.003992685161696673,0.003992685161696673,0.0006994521210648251,0.0006994521210648251,0.0006994521210648251,0.0,0.0,0.0,0.12218953682271404
2178,2022-01-07 15:00:00,0.12323652562079207,-0.4728195468552,0.7742982970298009,0.027098119823066286,0.21734786534803663,-0.0005012370017331351,-0.0005012370017331351,-0.0005012370017331351,-0.003841388106067285,-0.003841388106067285,-0.003841388106067285,0.002641099660356528,0.002641099660356528,0.002641099660356528,0.0006990514439776234,0.0006990514439776234,0.0006990514439776234,0.0,0.0,0.0,0.12273528861905894
2179,2022-01-07 16:00:00,0.12325049251104934,-0.5081034404890636,0.7199662646122135,0.02706182059231781,0.2174623012417253,0.0008664942931337324,0.0008664942931337324,0.0008664942931337324,-0.0011672851108896825,-0.0011672851108896825,-0.0011672851108896825,0.0013347993509891885,0.0013347993509891885,0.0013347993509891885,0.0006989800530342272,0.0006989800530342272,0.0006989800530342272,0.0,0.0,0.0,0.12411698680418308
2180,2022-01-07 17:00:00,0.12326445940130651,-0.5610665953080359,0.7455783186431872,0.027025521361570253,0.21757673713541303,0.002239512023543902,0.002239512023543902,0.002239512023543902,0.0014551522000943518,0.0014551522000943518,0.0014551522000943518,8.51233955889516e-05,8.51233955889516e-05,8.51233955889516e-05,0.0006992364278605988,0.0006992364278605988,0.0006992364278605988,0.0,0.0,0.0,0.12550397142485042
2181,2022-01-07 18:00:00,0.12327842629156369,-0.5350153895184568,0.7447929095315078,0.02698922213082225,0.21769117302910077,0.0037233606860447932,0.0037233606860447932,0.0037233606860447932,0.0041209422912320565,0.0041209422912320565,0.0041209422912320565,-0.001097400636231866,-0.001097400636231866,-0.001097400636231866,0.0006998190310446029,0.0006998190310446029,0.0006998190310446029,0.0,0.0,0.0,0.12700178697760847
2182,2022-01-07 19:00:00,0.12329239318182085,-0.574503407388293,0.7379043113971449,0.02695292290007469,0.2178056089227876,0.006067166058730849,0.006067166058730849,0.006067166058730849,0.00756960750024774,0.00756960750024774,0.00756960750024774,-0.0022031677497007496,-0.0022031677497007496,-0.0022031677497007496,0.0007007263081838578,0.0007007263081838578,0.0007007263081838578,0.0,0.0,0.0,0.1293595592405517
2183,2022-01-07 20:00:00,0.12330636007207801,-0.48779521967511597,0.769819654787221,0.026916623669326675,0.21792004481647534,0.009335346237794103,0.009335346237794103,0.009335346237794103,0.011856984444554046,0.011856984444554046,0.011856984444554046,-0.003223594894754418,-0.003223594894754418,-0.003223594894754418,0.0007019566879944777,0.0007019566879944777,0.0007019566879944777,0.0,0.0,0.0,0.13264170630987213
2184,2022-01-07 21:00:00,0.12332032696233519,-0.5235723439542065,0.7916210853329634,0.026880324438579118,0.2180344807101631,0.012001949460716864,0.012001949460716864,0.012001949460716864,0.015449648458326422,0.015449648458326422,0.015449648458326422,-0.0041512075800190385,-0.0041512075800190385,-0.0041512075800190385,0.0007035085824094793,0.0007035085824094793,0.0007035085824094793,0.0,0.0,0.0,0.13532227642305206
2185,2022-01-07 22:00:00,0.12333429385259247,-0.5002674125233761,0.7772274260704692,0.026844025207830653,0.21814891660385177,0.011670180802768881,0.011670180802768881,0.011670180802768881,0.015944513165007793,0.015944513165007793,0.015944513165007793,-0.0049797127489314245,-0.0049797127489314245,-0.0049797127489314245,0.0007053803866925123,0.0007053803866925123,0.0007053803866925123,0.0,0.0,0.0,0.13500447465536136
2186,2022-01-07 23:00:00,0.12334826074284963,-0.5060471721137157,0.7683966506106209,0.026807725977083096,0.2182633524975395,0.007032929910835501,0.007032929910835501,0.007032929910835501,0.012029416540025317,0.012029416540025317,0.012029416540025317,-0.005704057108709103,-0.005704057108709103,-0.005704057108709103,0.0007075704795192851,0.0007075704795192851,0.0007075704795192851,0.0,0.0,0.0,0.13038119065368514
2187,2022-01-08 00:00:00,0.12336222763310681,-0.5032248247723501,0.7546669917713767,0.02677142674633508,0.21837778839122632,-0.0006760296467337152,-0.0006760296467337152,-0.0006760296467337152,0.004934363411767184,0.004934363411767184,0.004934363411767184,-0.006320470281572,-0.006320470281572,-0.006320470281572,0.0007100772230710999,0.0007100772230710999,0.0007100772230710999,0.0,0.0,0.0,0.12268619798637309
2188,2022-01-08 01:00:00,0.12337619452336397,-0.5277267634316389,0.7524859832522234,0.02673512751558752,0.21849222428491408,-0.008217666217030106,-0.008217666217030106,-0.008217666217030106,-0.0021040728454491866,-0.0021040728454491866,-0.0021040728454491866,-0.006826492334741897,-0.006826492334741897,-0.006826492334741897,0.0007128989631609783,0.0007128989631609783,0.0007128989631609783,0.0,0.0,0.0,0.11515852830633387
2189,2022-01-08 02:00:00,0.12339016141362114,-0.5311641092896942,0.7061023077905296,0.026698828284839517,0.2186066601786018,-0.012594283907672013,-0.012594283907672013,-0.012594283907672013,-0.006089332494162372,-0.006089332494162372,-0.006089332494162372,-0.007220985442831857,-0.007220985442831857,-0.007220985442831857,0.0007160340293222129,0.0007160340293222129,0.0007160340293222129,0.0,0.0,0.0,0.11079587750594912
2190,2022-01-08 03:00:00,0.1234041283038783,-0.5335251903611306,0.7105853106508724,0.02666252905409196,0.21872109607228954,-0.013134953115510151,-0.013134953115510151,-0.013134953115510151,-0.006350304222916051,-0.006350304222916051,-0.006350304222916051,-0.007504129627506932,-0.007504129627506932,-0.007504129627506932,0.0007194807349128307,0.0007194807349128307,0.0007194807349128307,0.0,0.0,0.0,0.11026917518836815
2191,2022-01-08 04:00:00,0.12341809519413559,-0.5103770212607799,0.8064107854531146,0.0266262298233435,0.21883553196597821,-0.011650018877059574,-0.011650018877059574,-0.011650018877059574,-0.004695853537149442,-0.004695853537149442,-0.004695853537149442,-0.0076774027171238705,-0.0076774027171238705,-0.0076774027171238705,0.0007232373772137391,0.0007232373772137391,0.0007232373772137391,0.0,0.0,0.0,0.11176807631707601
2192,2022-01-08 05:00:00,0.12343206208439275,-0.5032854719228946,0.7530023690953993,0.02658993059259593,0.21894996785966594,-0.010618829678682192,-0.010618829678682192,-0.010618829678682192,-0.003602587053058129,-0.003602587053058129,-0.003602587053058129,-0.007743544863166707,-0.007743544863166707,-0.007743544863166707,0.0007273022375426456,0.0007273022375426456,0.0007273022375426456,0.0,0.0,0.0,0.11281323240571056
2193,2022-01-08 06:00:00,0.12344602897464992,-0.5090265325332918,0.7325389534532813,0.026553631361847924,0.21906440375335282,-0.011110876218073665,-0.011110876218073665,-0.011110876218073665,-0.004136041661575632,-0.004136041661575632,-0.004136041661575632,-0.007706508137861106,-0.007706508137861106,-0.007706508137861106,0.0007316735813630716,0.0007316735813630716,0.0007316735813630716,0.0,0.0,0.0,0.11233515275657625
2194,2022-01-08 07:00:00,0.12345999586490708,-0.4870480246591194,0.6969571359856609,0.026517332131100368,0.21917883964704052,-0.012258266381178743,-0.012258266381178743,-0.012258266381178743,-0.005423224119683101,-0.005423224119683101,-0.005423224119683101,-0.00757139191985759,-0.00757139191985759,-0.00757139191985759,0.0007363496583619442,0.0007363496583619442,0.0007363496583619442,0.0,0.0,0.0,0.11120172948372833
2195,2022-01-08 08:00:00,0.12347396275516426,-0.5472479638728905,0.7689761862552627,0.026481032900352364,0.21929327554072825,-0.012543403100183766,-0.012543403100183766,-0.012543403100183766,-0.005940366855456406,-0.005940366855456406,-0.005940366855456406,-0.00734436494732693,-0.00734436494732693,-0.00734436494732693,0.0007413287025995702,0.0007413287025995702,0.0007413287025995702,0.0,0.0,0.0,0.1109305596549805
2196,2022-01-08 09:00:00,0.12348792964542142,-0.526415060910153,0.7315662798775402,0.026444733669604804,0.21940771143441512,-0.011475343965100674,-0.011475343965100674,-0.011475343965100674,-0.0051893778180639935,-0.0051893778180639935,-0.0051893778180639935,-0.007032575079630531,-0.007032575079630531,-0.007032575079630531,0.0007466089325938503,0.0007466089325938503,0.0007466089325938503,0.0,0.0,0.0,0.11201258568032074
2197,2022-01-08 10:00:00,0.12350189653567858,-0.5219355726200576,0.7643507624016258,0.02640843443885679,0.21952214732810285,-0.010006781513895972,-0.010006781513895972,-0.010006781513895972,-0.004114922109916942,-0.004114922109916942,-0.004114922109916942,-0.0066440479553919966,-0.0066440479553919966,-0.0066440479553919966,0.0007521885514129657,0.0007521885514129657,0.0007521885514129657,0.0,0.0,0.0,0.11349511502178261
2198,2022-01-08 11:00:00,0.12351586342593587,-0.526910824869172,0.7290681256549608,0.02637213520810877,0.21963658322179153,-0.009413617711959267,-0.009413617711959267,-0.009413617711959267,-0.00398410759118625,-0.00398410759118625,-0.00398410759118625,-0.006187575867578779,-0.006187575867578779,-0.006187575867578779,0.0007580657468057599,0.0007580657468057599,0.0007580657468057599,0.0,0.0,0.0,0.1141022457139766
2199,2022-01-08 12:00:00,0.12352983031619304,-0.5430975209296922,0.7684880916701655,0.026335835977360767,0.21975101911547926,-0.009896201954498094,-0.009896201954498094,-0.009896201954498094,-0.004987842352695088,-0.004987842352695088,-0.004987842352695088,-0.005672598293135497,-0.005672598293135497,-0.005672598293135497,0.000764238691332494,0.000764238691332494,0.000764238691332494,0.0,0.0,0.0,0.11363362836169494
2200,2022-01-08 13:00:00,0.1235437972064502,-0.5502896187553382,0.7329440584190907,0.02629953674661321,0.21986545500916702,-0.01034713301034199,-0.01034713301034199,-0.01034713301034199,-0.006008762942040986,-0.006008762942040986,-0.006008762942040986,-0.005109075610736294,-0.005109075610736294,-0.005109075610736294,0.000770705542435289,0.000770705542435289,0.000770705542435289,0.0,0.0,0.0,0.11319666419610822
2201,2022-01-08 14:00:00,0.12355776409670738,-0.5824055166669847,0.7636610614414249,0.026263237515865193,0.21997989090285475,-0.009455052366768305,-0.009455052366768305,-0.009455052366768305,-0.005725159190531856,-0.005725159190531856,-0.005725159190531856,-0.004507357618780819,-0.004507357618780819,-0.004507357618780819,0.0007774644425443692,0.0007774644425443692,0.0007774644425443692,0.0,0.0,0.0,0.11410271172993908
2202,2022-01-08 15:00:00,0.12357173098696454,-0.531388648560034,0.7738203381020472,0.026226938285117636,0.22009432679654156,-0.0069349231097415275,-0.0069349231097415275,-0.0069349231097415275,-0.0038413881059419027,-0.0038413881059419027,-0.0038413881059419027,-0.0038780485230478505,-0.0038780485230478505,-0.0038780485230478505,0.0007845135192482267,0.0007845135192482267,0.0007845135192482267,0.0,0.0,0.0,0.11663680787722301
2203,2022-01-08 16:00:00,0.1235856978772217,-0.5047085183358139,0.8390987894830048,0.026190639054369632,0.22020876269022932,-0.0036073043269149447,-0.0036073043269149447,-0.0036073043269149447,-0.0011672851107563938,-0.0011672851107563938,-0.0011672851107563938,-0.0032318701015078945,-0.0032318701015078945,-0.0032318701015078945,0.0007918508853493446,0.0007918508853493446,0.0007918508853493446,0.0,0.0,0.0,0.11997839355030676
2204,2022-01-08 17:00:00,0.123599664767479,-0.5175180799295298,0.771639767616199,0.026154339823621617,0.22032319858391797,-0.00032489792685815315,-0.00032489792685815315,-0.00032489792685815315,0.0014551522001226443,0.0014551522001226443,0.0014551522001226443,-0.002579524765983932,-0.002579524765983932,-0.002579524765983932,0.0007994746390031344,0.0007994746390031344,0.0007994746390031344,0.0,0.0,0.0,0.12327476684062084
2205,2022-01-08 18:00:00,0.12361363165773616,-0.5452769998368419,0.7963324275619618,0.0261180405928736,0.22043763447760573,0.0029967649185671874,0.0029967649185671874,0.0029967649185671874,0.004120942291290891,0.004120942291290891,0.004120942291290891,-0.001931560236561667,-0.001931560236561667,-0.001931560236561667,0.000807382863837963,0.000807382863837963,0.000807382863837963,0.0,0.0,0.0,0.12661039657630335
2206,2022-01-08 19:00:00,0.12362759854799332,-0.5070165760250059,0.727289514177338,0.026081741362126043,0.22055207037129346,0.007086943613782898,0.007086943613782898,0.007086943613782898,0.007569607500341475,0.007569607500341475,0.007569607500341475,-0.0012982375155922686,-0.0012982375155922686,-0.0012982375155922686,0.0008155736290336912,0.0008155736290336912,0.0008155736290336912,0.0,0.0,0.0,0.13071454216177622
2207,2022-01-08 20:00:00,0.12364156543825049,-0.4659479959070691,0.7779664672125602,0.02604544213137804,0.2206665062649812,0.011991625635630236,0.011991625635630236,0.011991625635630236,0.011856984444536487,0.011856984444536487,0.011856984444536487,-0.0006894037984020124,-0.0006894037984020124,-0.0006894037984020124,0.0008240449894957591,0.0008240449894957591,0.0008240449894957591,0.0,0.0,0.0,0.13563319107388072
2208,2022-01-08 21:00:00,0.12365553232850765,-0.484170121425734,0.7721746713766604,0.02600914290063048,0.22078094215866803,0.016168071555637896,0.016168071555637896,0.016168071555637896,0.015449648458326004,0.015449648458326004,0.015449648458326004,-0.0001143718886099241,-0.0001143718886099241,-0.0001143718886099241,0.0008327949859218179,0.0008327949859218179,0.0008327949859218179,0.0,0.0,0.0,0.13982360388414555
2209,2022-01-08 22:00:00,0.12366949921876483,-0.47472647958034964,0.7429067631791776,0.025972843669882475,0.22089537805235576,0.017204527211307954,0.017204527211307954,0.017204527211307954,0.0159445131650118,0.0159445131650118,0.0159445131650118,0.0004181924013496173,0.0004181924013496173,0.0004181924013496173,0.0008418216449465417,0.0008418216449465417,0.0008418216449465417,0.0,0.0,0.0,0.1408740264300728
2210,2022-01-08 23:00:00,0.1236834661090221,-0.4785842756163386,0.7688933009114881,0.02593654443913445,0.22100981394604444,0.013780913014566763,0.013780913014566763,0.013780913014566763,0.01202941653989958,0.01202941653989958,0.01202941653989958,0.00090037349542358,0.00090037349542358,0.00090037349542358,0.0008511229792436042,0.0008511229792436042,0.0008511229792436042,0.0,0.0,0.0,0.13746437912358886
2211,2022-01-09 00:00:00,0.12369743299927927,-0.5158338287529157,0.7626776190676984,0.025900245208386446,0.22112424983973217,0.00712015909534957,0.00712015909534957,0.00712015909534957,0.004934363411611663,0.004934363411611663,0.004934363411611663,0.0013250986960887362,0.0013250986960887362,0.0013250986960887362,0.0008606969876491713,0.0008606969876491713,0.0008606969876491713,0.0,0.0,0.0,0.13081759209462884
2212,2022-01-09 01:00:00,0.12371139988953644,-0.5070546550990691,0.7484453979699537,0.025863945977638886,0.2212386857334199,0.0004526879262183904,0.0004526879262183904,0.0004526879262183904,-0.0021040728455588627,-0.0021040728455588627,-0.0021040728455588627,0.001686219116481189,0.001686219116481189,0.001686219116481189,0.0008705416552960642,0.0008705416552960642,0.0008705416552960642,0.0,0.0,0.0,0.12416408781575483
2213,2022-01-09 02:00:00,0.12372536677979361,-0.542550146540737,0.7695479671652508,0.02582764674689088,0.22135312162710677,-0.0032300995913487323,-0.0032300995913487323,-0.0032300995913487323,-0.006089332494184555,-0.006089332494184555,-0.006089332494184555,0.001978577949130557,0.001978577949130557,0.001978577949130557,0.000880654953705264,0.000880654953705264,0.000880654953705264,0.0,0.0,0.0,0.12049526718844487
2214,2022-01-09 03:00:00,0.12373933367005077,-0.5867656973151752,0.76274597136937,0.025791347516143325,0.2214675575207945,-0.003261204099997227,-0.003261204099997227,-0.003261204099997227,-0.006350304222982381,-0.006350304222982381,-0.006350304222982381,0.0021980652820508214,0.0021980652820508214,0.0021980652820508214,0.0008910348409343311,0.0008910348409343311,0.0008910348409343311,0.0,0.0,0.0,0.12047812957005355
2215,2022-01-09 04:00:00,0.12375330056030795,-0.5432342736117205,0.7660334251313335,0.025755048285395307,0.22158199341448223,-0.0014525154278192157,-0.0014525154278192157,-0.0014525154278192157,-0.004695853537209697,-0.004695853537209697,-0.004695853537209697,0.00234165884769666,0.00234165884769666,0.00234165884769666,0.0009016792616938207,0.0009016792616938207,0.0009016792616938207,0.0,0.0,0.0,0.12230078513248874
2216,2022-01-09 05:00:00,0.12376726745056522,-0.5214270097886169,0.7664079746526136,0.025718749054647293,0.22169642930817088,-0.00028255063313218493,-0.00028255063313218493,-0.00028255063313218493,-0.003602587053093803,-0.003602587053093803,-0.003602587053093803,0.0024074502725215767,0.0024074502725215767,0.0024074502725215767,0.0009125861474400404,0.0009125861474400404,0.0009125861474400404,0.0,0.0,0.0,0.12348471681743305
2217,2022-01-09 06:00:00,0.12378123434082239,-0.512030232837314,0.7410606415540321,0.02568244982389929,0.22181086520185864,-0.0008176316639337632,-0.0008176316639337632,-0.0008176316639337632,-0.0041360416615632755,-0.0041360416615632755,-0.0041360416615632755,0.0023946565810958817,0.0023946565810958817,0.0023946565810958817,0.0009237534165336302,0.0009237534165336302,0.0009237534165336302,0.0,0.0,0.0,0.12296360267688862
2218,2022-01-09 07:00:00,0.12379520123107957,-0.5427502819381712,0.7807285332963149,0.02564615059315173,0.22192530109554637,-0.0021844282472088757,-0.0021844282472088757,-0.0021844282472088757,-0.005423224119729714,-0.005423224119729714,-0.005423224119729714,0.002303616898173069,0.002303616898173069,0.002303616898173069,0.0009351789743477684,0.0009351789743477684,0.0009351789743477684,0.0,0.0,0.0,0.12161077298387069
2219,2022-01-09 08:00:00,0.12380916812133673,-0.5415472687826727,0.8018328754686249,0.025609851362403714,0.2220397369892332,-0.0028577316602529912,-0.0028577316602529912,-0.0028577316602529912,-0.005940366855581119,-0.005940366855581119,-0.005940366855581119,0.002135774481925453,0.002135774481925453,0.002135774481925453,0.0009468607134026746,0.0009468607134026746,0.0009468607134026746,0.0,0.0,0.0,0.12095143646108374
2220,2022-01-09 09:00:00,0.1238231350115939,-0.5030526383489242,0.780192682357206,0.025573552131656158,0.22215417288292097,-0.0023369368959845244,-0.0023369368959845244,-0.0023369368959845244,-0.005189377818058498,-0.005189377818058498,-0.005189377818058498,0.0018936444086164292,0.0018936444086164292,0.0018936444086164292,0.0009587965134575427,0.0009587965134575427,0.0009587965134575427,0.0,0.0,0.0,0.12148619811560937
2221,2022-01-09 10:00:00,0.12383710190185106,-0.5214549788230579,0.793089235527483,0.025537252900908598,0.2222686087766087,-0.0015631704566082733,-0.0015631704566082733,-0.0015631704566082733,-0.004114922109893942,-0.004114922109893942,-0.004114922109893942,0.0015807674116128892,0.0015807674116128892,0.0015807674116128892,0.0009709842416727799,0.0009709842416727799,0.0009709842416727799,0.0,0.0,0.0,0.12227393144524279
2222,2022-01-09 11:00:00,0.12385106879210822,-0.4753651464009323,0.7333902077821682,0.025500953670160594,0.22238304467029552,-0.0017990352843417854,-0.0017990352843417854,-0.0017990352843417854,-0.003984107591165368,-0.003984107591165368,-0.003984107591165368,0.001201650554102607,0.001201650554102607,0.001201650554102607,0.0009834217527209762,0.0009834217527209762,0.0009834217527209762,0.0,0.0,0.0,0.12205203350776643
2223,2022-01-09 12:00:00,0.12386503568236551,-0.487392779781521,0.7290257347970411,0.02546465443941212,0.22249748056398508,-0.003230039883401559,-0.003230039883401559,-0.003230039883401559,-0.0049878423526455015,-0.0049878423526455015,-0.0049878423526455015,0.0007616955803152203,0.0007616955803152203,0.0007616955803152203,0.0009961068889287224,0.0009961068889287224,0.0009961068889287224,0.0,0.0,0.0,0.12063499579896395
2224,2022-01-09 13:00:00,0.12387900257262267,-0.5562982120531464,0.7342811636494408,0.02542835520866456,0.22261191645767192,-0.004732609513693527,-0.004732609513693527,-0.004732609513693527,-0.006008762942089942,-0.006008762942089942,-0.006008762942089942,0.0002671159480387231,0.0002671159480387231,0.0002671159480387231,0.0010090374803576902,0.0010090374803576902,0.0010090374803576902,0.0,0.0,0.0,0.11914639305892914
2225,2022-01-09 14:00:00,0.12389296946287984,-0.5053425642556245,0.7090630316085841,0.025392055977917005,0.22272635235135968,-0.004978104161592834,-0.004978104161592834,-0.004978104161592834,-0.0057251591906190245,-0.0057251591906190245,-0.0057251591906190245,-0.00027515631595990356,-0.00027515631595990356,-0.00027515631595990356,0.0010222113449860951,0.0010222113449860951,0.0010222113449860951,0.0,0.0,0.0,0.118914865301287
2226,2022-01-09 15:00:00,0.12390693635313701,-0.50744880099964,0.8016135201303084,0.025355756747169,0.2228407882450474,-0.0036633344827710092,-0.0036633344827710092,-0.0036633344827710092,-0.003841388106151605,-0.003841388106151605,-0.003841388106151605,-0.0008575726654275356,-0.0008575726654275356,-0.0008575726654275356,0.0010356262888081315,0.0010356262888081315,0.0010356262888081315,0.0,0.0,0.0,0.12024360187036601
2227,2022-01-09 16:00:00,0.12392090324339418,-0.5193696739773228,0.7928287379917349,0.025319457516421444,0.22295522413873514,-0.001590082612438169,-0.001590082612438169,-0.001590082612438169,-0.001167285110981202,-0.001167285110981202,-0.001167285110981202,-0.0014720776074164423,-0.0014720776074164423,-0.0014720776074164423,0.0010492801059594757,0.0010492801059594757,0.0010492801059594757,0.0,0.0,0.0,0.12233082063095602
2228,2022-01-09 17:00:00,0.12393487013365134,-0.49669346352310906,0.7734928726000228,0.025283158285673426,0.223069660032422,0.0004080984549842442,0.0004080984549842442,0.0004080984549842442,0.0014551522002045798,0.0014551522002045798,0.0014551522002045798,-0.002110224324093951,-0.002110224324093951,-0.002110224324093951,0.0010631705788736153,0.0010631705788736153,0.0010631705788736153,0.0,0.0,0.0,0.12434296858863558
2229,2022-01-09 18:00:00,0.12394883702390863,-0.573706578542933,0.7699021265616662,0.02524685905492541,0.22318409592611158,0.0024349429741036014,0.0024349429741036014,0.0024349429741036014,0.004120942291175696,0.004120942291175696,0.004120942291175696,-0.002763294795459398,-0.002763294795459398,-0.002763294795459398,0.001077295478387304,0.001077295478387304,0.001077295478387304,0.0,0.0,0.0,0.12638377999801223
2230,2022-01-09 19:00:00,0.1239628039141658,-0.5128435805153612,0.7684277057531897,0.025210559824177407,0.2232985318197984,0.0052388372448621285,0.0052388372448621285,0.0052388372448621285,0.007569607500185444,0.007569607500185444,0.007569607500185444,-0.003422422819179042,-0.003422422819179042,-0.003422422819179042,0.0010916525638557286,0.0010916525638557286,0.0010916525638557286,0.0,0.0,0.0,0.12920164115902794
2231,2022-01-09 20:00:00,0.12397677080442296,-0.4728905658042468,0.7745341489701238,0.025174260593429847,0.22341221862027377,0.008884505733154678,0.008884505733154678,0.008884505733154678,0.011856984444636964,0.011856984444636964,0.011856984444636964,-0.004078718294796595,-0.004078718294796595,-0.004078718294796595,0.001106239583314308,0.001106239583314308,0.001106239583314308,0.0,0.0,0.0,0.13286127653757765
2232,2022-01-09 21:00:00,0.12399073769468014,-0.45024994234144944,0.7930778204804072,0.025137961362681843,0.22352589737735148,0.011847311608771281,0.011847311608771281,0.011847311608771281,0.015449648458379232,0.015449648458379232,0.015449648458379232,-0.004723391123241063,-0.004723391123241063,-0.004723391123241063,0.001121054273633113,0.001121054273633113,0.001121054273633113,0.0,0.0,0.0,0.13583804930345142
2233,2022-01-09 22:00:00,0.1240047045849373,-0.5297626257206609,0.7731833791514731,0.025101662131934276,0.2236395761344283,0.011732734441556788,0.011732734441556788,0.011732734441556788,0.015944513165035517,0.015944513165035517,0.015944513165035517,-0.005347873084051329,-0.005347873084051329,-0.005347873084051329,0.001136094360572596,0.001136094360572596,0.001136094360572596,0.0,0.0,0.0,0.1357374390264941
2234,2022-01-09 23:00:00,0.12401867147519446,-0.5125721758450759,0.7930569737835267,0.02506536290118627,0.22375325489150602,0.007236838015699824,0.007236838015699824,0.007236838015699824,0.012029416539773841,0.012029416539773841,0.012029416539773841,-0.005943936083045804,-0.005943936083045804,-0.005943936083045804,0.0011513575589717872,0.0011513575589717872,0.0011513575589717872,0.0,0.0,0.0,0.1312555094908943
2235,2022-01-10 00:00:00,0.12403263836545186,-0.536242127930936,0.7790758769328643,0.025029063670438254,0.22386693364858556,-0.0004026002288137551,-0.0004026002288137551,-0.0004026002288137551,0.004934363411574173,0.004934363411574173,0.004934363411574173,-0.006503805213258972,-0.006503805213258972,-0.006503805213258972,0.0011668415728710443,0.0011668415728710443,0.0011668415728710443,0.0,0.0,0.0,0.12363003813663812
